player_id,player_name
1,Y GNANESWARA RAO
2,SP GOSWAMI
3,ABDUL BASITH
4,JH KALLIS
5,N SAINI
6,RA JADEJA
7,S NARWAL
8,A DANANJAYA
9,ARJUN TENDULKAR
10,W JAFFER
11,P PARAMESWARAN
12,VH ZOL
13,SB WAGH
14,AZHAR MAHMOOD
15,JALAJ S SAXENA
16,M JANSEN
17,H DAS
18,AVESH KHAN
19,SJ SRIVASTAVA
20,YASH DAYAL
21,SOHAIL TANVIR
22,P PRASANTH
23,KM JADHAV
24,WG JACKS
25,AN AHMED
26,SP JACKSON
27,CJ DALA
28,SA ASNODKAR
29,TD PAINE
30,PRINCE YADAV
31,K KHEJROLIYA
32,AJ TYE
33,AZMATULLAH OMARZAI
34,R SHUKLA
35,ISHAN KISHAN
36,RJ QUINEY
37,MJ CLARKE
38,MOHAMMED SIRAJ
39,A KUMBLE
40,R SANJAY YADAV
41,AS YADAV
42,A FLINTOFF
43,GS SANDHU
44,SUNNY GUPTA
45,S BADREE
46,W O'ROURKE
47,KW RICHARDSON
48,HARPREET SINGH
49,SHUBMAN GILL
50,DJG SAMMY
51,FAZALHAQ FAROOQI
52,HARPREET BRAR
53,SC KUGGELEIJN
54,SEDIQULLAH ATAL
55,SM POLLOCK
56,YV TAKAWALE
57,NK PATEL
58,JD UNADKAT
59,PBB RAJAPAKSA
60,N RANA
61,DT PATIL
62,D SALUNKHE
63,GJ MAXWELL
64,A NEHRA
65,ST JAYASURIYA
66,V SEHWAG
67,TH DAVID
68,T SHAMSI
69,TILAK VARMA
70,A TOMAR
71,KK AHMED
72,N THUSHARA
73,JW HASTINGS
74,SR WATSON
75,FA ALLEN
76,UMRAN MALIK
77,RK BHUI
78,BA STOKES
79,N WADHERA
80,NV OJHA
81,CA PUJARA
82,HC BROOK
83,JJ VAN DER WATH
84,SIKANDAR RAZA
85,YASH THAKUR
86,VR AARON
87,RK SINGH
88,RG MORE
89,JM SHARMA
90,R SATHISH
91,AU RASHID
92,L WOOD
93,NA SAINI
94,KC CARIAPPA
95,ER DWIVEDI
96,MOHAMMAD ASHRAFUL
97,J SYED MOHAMMAD
98,SM KATICH
99,UT KHAWAJA
100,KT MAPHAKA
101,JP INGLIS
102,DS RATHI
103,RAMANDEEP SINGH
104,A ASHISH REDDY
105,RE VAN DER MERWE
106,SM CURRAN
107,S MIDHUN
108,SMSM SENANAYAKE
109,NJ MADDINSON
110,AC GILCHRIST
111,YUVRAJ SINGH
112,J THERON
113,TS MILLS
114,DJ MUTHUSWAMI
115,DG NALKANDE
116,AD RUSSELL
117,S LADDA
118,VRV SINGH
119,RJ PETERSON
120,T KOHLER-CADMORE
121,PA PATEL
122,ANAND RAJAN
123,VIJAYKUMAR VYSHAK
124,SS MUNDHE
125,SHIVAM SINGH
126,KS SHARMA
127,MD MISHRA
128,G GAMBHIR
129,Z KHAN
130,J OVERTON
131,SURYANSH SHEDGE
132,SR TENDULKAR
133,D JANSEN
134,AB DINDA
135,AN GHOSH
136,S SANDEEP WARRIER
137,R ASHWIN
138,DR MARTYN
139,HR SHOKEEN
140,KP PIETERSEN
141,RA TRIPATHI
142,JG BETHELL
143,CA INGRAM
144,MG JOHNSON
145,HARSHIT RANA
146,PN MANKAD
147,B AKHIL
148,MOHAMMED SHAMI
149,AM SALVI
150,RR RAJE
151,V KOHLI
152,WPUJC VAAS
153,AA BILAKHIA
154,E LEWIS
155,MK TIWARY
156,PJ SANGWAN
157,MS BHANDAGE
158,CH MORRIS
159,SONU YADAV
160,RS SODHI
161,R NINAN
162,RD CHAHAR
163,K UPADHYAY
164,XC BARTLETT
165,SO HETMYER
166,ND DOSHI
167,LJ WRIGHT
168,KK COOPER
169,T NATARAJAN
170,KD KARTHIK
171,P SUYAL
172,AS JOSEPH
173,BCJ CUTTING
174,MS GONY
175,ANIRUDH SINGH
176,S RANDIV
177,SHOAIB AHMED
178,MM SHARMA
179,YS CHAHAL
180,J YADAV
181,S BADRINATH
182,SAURAV CHAUHAN
183,V VIYASKANTH
184,YUDHVIR SINGH
185,OA SHAH
186,IS SODHI
187,AS ROY
188,AD HALES
189,R DHAWAN
190,HARSH DUBEY
191,A CHANDILA
192,T HENDERSON
193,M RAWAT
194,D PADIKKAL
195,P SAHU
196,VIRAT SINGH
197,SD HOPE
198,PRIYANSH ARYA
199,R POWELL
200,SHAHBAZ AHMED
201,P RAY BARMAN
202,S TYAGI
203,SC GANGULY
204,FY FAZAL
205,CR BRATHWAITE
206,RA SHAIKH
207,JD RYDER
208,WA MOTA
209,Y VENUGOPAL RAO
210,S SREESANTH
211,BB SAMANTRAY
212,IK PATHAN
213,MJ SANTNER
214,KARIM JANAT
215,MG BRACEWELL
216,YV DHULL
217,DL CHAHAR
218,SN KHAN
219,SD LAD
220,ANMOLPREET SINGH
221,AJ FINCH
222,UMAR GUL
223,JA MORKEL
224,HV PATEL
225,MANDEEP SINGH
226,M KLINGER
227,S LAMICHHANE
228,VIVRANT SHARMA
229,CJ ANDERSON
230,SK RAINA
231,D DU PREEZ
232,BB MCCULLUM
233,DP CONWAY
234,A MISHRA
235,IMRAN TAHIR
236,AP MAJUMDAR
237,TK CURRAN
238,MA KHOTE
239,A CHOPRA
240,NLTC PERERA
241,AD MASCARENHAS
242,K YADAV
243,A ZAMPA
244,MJ OWEN
245,P NEGI
246,SB STYRIS
247,P DUBEY
248,LI MERIWALA
249,NM COULTER-NILE
250,J BOTHA
251,PP CHAWLA
252,S CHANDERPAUL
253,MS WADE
254,RR POWAR
255,SP NARINE
256,NS NAIK
257,AA JHUNJHUNWALA
258,SHASHANK SINGH
259,DS KULKARNI
260,ANUREET SINGH
261,SK RASHEED
262,AL MENARIA
263,JJ BUMRAH
264,DJ HOODA
265,KR MAYERS
266,B APARAJITH
267,RR PANT
268,AT RAYUDU
269,MC HENRIQUES
270,JR PHILIPPE
271,MJ HENRY
272,TEJAS BAROKA
273,GD MCGRATH
274,KP APPANNA
275,J ARUNKUMAR
276,SM HARWOOD
277,GR NAPIER
278,SP FLEMING
279,ASHWANI KUMAR
280,A MANOHAR
281,SIMARJEET SINGH
282,JP BEHRENDORFF
283,KR SEN
284,MB PARMAR
285,Y PRITHVI RAJ
286,SB BANGAR
287,SAMEER RIZVI
288,DJM SHORT
289,SB JOSHI
290,CK KAPUGEDERA
291,DJ THORNELY
292,TA BOULT
293,HARBHAJAN SINGH
294,JOGINDER SHARMA
295,NB SINGH
296,AC BLIZZARD
297,MR MARSH
298,V NIGAM
299,RM PATIDAR
300,V KAVERAPPA
301,A KAMBOJ
302,RV UTHAPPA
303,JP FAULKNER
304,KB ARUN KARTHIK
305,TR BIRT
306,RT PONTING
307,SACHIN BABY
308,BASIL THAMPI
309,SALMAN BUTT
310,R RAVINDRA
311,ANKIT SONI
312,CV VARUN
313,KMDN KULASEKARA
314,S SRIRAM
315,A CHOUDHARY
316,T BANTON
317,AM NAYAR
318,AKASH SINGH
319,ARSHDEEP SINGH
320,K SANTOKIE
321,RJ HARRIS
322,DHRUV JUREL
323,PD SALT
324,SZ MULANI
325,B SUMANTH
326,M KARTIK
327,MM ALI
328,LA CARSELDINE
329,X THALAIVAN SARGUNAM
330,CL WHITE
331,D BREVIS
332,SUMIT KUMAR
333,AUK PATHAN
334,MUKESH KUMAR
335,D PRETORIUS
336,RA BAWA
337,BR SHARATH
338,AG PAUNIKAR
339,ARSHAD KHAN (2)
340,PANKAJ SINGH
341,AKASH DEEP
342,MA STARC
343,R SHARMA
344,SS AGARWAL
345,HARMEET SINGH
346,DJ WILLEY
347,RD RICKELTON
348,RS BOPARA
349,BJ HADDIN
350,KM ASIF
351,V SURYAVANSHI
352,L ABLISH
353,DL VETTORI
354,RJW TOPLEY
355,CJ FERGUSON
356,ANKIT SHARMA
357,DE BOLLINGER
358,JM BAIRSTOW
359,DA MILLER
360,PWH DE SILVA
361,R RAMPAUL
362,SM BOLAND
363,RASHID KHAN
364,MN SAMUELS
365,CM GAUTAM
366,J FRASER-MCGURK
367,RAVI BISHNOI
368,A SINGH
369,MC JUNEJA
370,KL RAHUL
371,SANDEEP SHARMA
372,MA WOOD
373,YBK JAISWAL
374,SANVIR SINGH
375,MILIND KUMAR
376,MG NESER
377,KH DEVDHAR
378,FH EDWARDS
379,VISHNU VINOD
380,P AWANA
381,IQBAL ABDULLA
382,PH SOLANKI
383,I SHARMA
384,KA MAHARAJ
385,HIMMAT SINGH
386,SL MALINGA
387,BJ ROHRER
388,AA NOFFKE
389,LALIT YADAV
390,M PATHIRANA
391,S KAUSHIK
392,DA WARNER
393,CK LANGEVELDT
394,MOHAMMAD NABI
395,ASHOK SHARMA
396,TL SUMAN
397,C BOSCH
398,Q DE KOCK
399,HH PANDYA
400,V PRATAP SINGH
401,MONU KUMAR
402,T KOHLI
403,A SYMONDS
404,J SUCHITH
405,GURKEERAT SINGH
406,GC VILJOEN
407,KS RATHORE
408,BKG MENDIS
409,AA KULKARNI
410,CRD FERNANDO
411,ARSHAD KHAN
412,RS GAVASKAR
413,RR SARWAN
414,JE TAYLOR
415,F DU PLESSIS
416,G COETZEE
417,MN VAN WYK
418,DS LEHMANN
419,DJ MITCHELL
420,R PARAG
421,C GREEN
422,CJ MCKAY
423,BJ HODGE
424,NITHISH KUMAR REDDY
425,BAW MENDIS
426,R MCLAREN
427,JR HAZLEWOOD
428,SE MARSH
429,JASKARAN SINGH
430,GHS GARTON
431,KARANVEER SINGH
432,VVS LAXMAN
433,S JOSEPH
434,DH YAGNIK
435,A NEL
436,CA LYNN
437,ANUJ RAWAT
438,R SHEPHERD
439,TG SOUTHEE
440,KJ ABBOTT
441,B CHIPLI
442,KUMAR KUSHAGRA
443,A UNIYAL
444,AK MARKRAM
445,LITON DAS
446,Y NAGAR
447,A MUKUND
448,BIPUL SHARMA
449,DJ BRAVO
450,S ANIRUDHA
451,S NADEEM
452,JJ ROY
453,AF MILNE
454,VR IYER
455,K KARTIKEYA
456,ANIKET VERMA
457,R BISHNOI
458,UBT CHAND
459,B SAI SUDHARSAN
460,YA ABDULLA
461,RV GOMEZ
462,S GOPAL
463,B LEE
464,AMAN HAKIM KHAN
465,WP SAHA
466,AS RAJPOOT
467,GULBADIN NAIB
468,RE LEVI
469,KS BHARAT
470,NT ELLIS
471,RR BOSE
472,KULDEEP YADAV
473,TANUSH KOTIAN
474,I MALHOTRA
475,GJ BAILEY
476,MA AGARWAL
477,P KUMAR
478,BE HENDRICKS
479,AD MATHEWS
480,HM AMLA
481,AB DE VILLIERS
482,CJ JORDAN
483,MUJEEB UR RAHMAN
484,LR SHUKLA
485,KV SHARMA
486,SS SARKAR
487,JM KEMP
488,ABDUL SAMAD
489,SWAPNIL SINGH
490,AM RAHANE
491,I UDANA
492,KK NAIR
493,JC ARCHER
494,LH FERGUSON
495,NOOR AHMAD
496,M TIWARI
497,JDP ORAM
498,C DE GRANDHOMME
499,E MALINGA
500,PC VALTHATY
501,PP SHAW
502,SV SAMSON
503,DP VIJAYKUMAR
504,S DHAWAN
505,DR SHOREY
506,F BEHARDIEN
507,YASHPAL SINGH
508,K GOWTHAM
509,MJ SUTHAR
510,LRPL TAYLOR
511,ABDUR RAZZAK
512,C MUNRO
513,UNKNOWN
514,MJ MCCLENAGHAN
515,AB MCDONALD
516,KARTIK TYAGI
517,M MANHAS
518,MUKESH CHOUDHARY
519,C NANDA
520,M SHAHRUKH KHAN
521,AA KAZI
522,MS DHONI
523,DB DAS
524,B STANLAKE
525,N BURGER
526,RV PATEL
527,HF GURNEY
528,DR SAMS
529,DPMD JAYAWARDENE
530,SPD SMITH
531,SS PRABHUDESSAI
532,MOHSIN KHAN
533,P SIMRAN SINGH
534,DNT ZOYSA
535,SW BILLINGS
536,SK WARNE
537,JC BUTTLER
538,BW HILFENHAUS
539,IC POREL
540,RS HANGARGEKAR
541,SW TAIT
542,SB JAKATI
543,EJG MORGAN
544,SS TIWARY
545,B KUMAR
546,KH PANDYA
547,MJ GUPTILL
548,VS MALIK
549,PVSN RAJU
550,PARVEZ RASOOL
551,TANAY THYAGARAJAN
552,T VIJAY
553,B INDRAJITH
554,MK PANDEY
555,OC MCCOY
556,SSB MAGALA
557,NAVDEEP SAINI
558,S ARAVIND
559,DW STEYN
560,V PUTHUR
561,C GANAPATHY
562,D KALYANKRISHNA
563,M VIJAY
564,UT YADAV
565,M KAIF
566,MOHIT RATHEE
567,TM HEAD
568,A MHATRE
569,H KLAASEN
570,LB WILLIAMS
571,ABISHEK POREL
572,T TAIBU
573,JP DUMINY
574,S VIDYUT
575,P CHOPRA
576,R SAI KISHORE
577,AB AGARKAR
578,P AMARNATH
579,M VOHRA
580,M NTINI
581,ATHARVA TAIDE
582,PA REDDY
583,URVIL PATEL
584,JA RICHARDSON
585,SUBHRANSU SENAPATI
586,PP OJHA
587,KAJ ROACH
588,AJ TURNER
589,AT CAREY
590,MF MAHAROOF
591,L RONCHI
592,MDKJ PERERA
593,DB RAVI TEJA
594,MISBAH-UL-HAQ
595,RW PRICE
596,D FERREIRA
597,R VINAY KUMAR
598,PM SARVESH KUMAR
599,DJ MALAN
600,SH JOHNSON
601,UA BIRLA
602,MAYANK DAGAR
603,SS SHAIKH
604,RN TEN DOESCHATE
605,KAMRAN AKMAL
606,LA POMERSBACH
607,AA CHAVAN
608,JEC FRANKLIN
609,DP NANNES
610,S KAUL
611,M ASHWIN
612,YOUNIS KHAN
613,AC VOGES
614,KS WILLIAMSON
615,MOHAMMAD ASIF
616,S SOHAL
617,U KAUL
618,TP SUDHINDRA
619,NAMAN DHIR
620,MV BOUCHER
621,KA JAMIESON
622,IC PANDEY
623,SUYASH SHARMA
624,CH GAYLE
625,SN THAKUR
626,PD COLLINGWOOD
627,ML HAYDEN
628,JL PATTINSON
629,A BADONI
630,M DE LANGE
631,SA YADAV
632,RD GAIKWAD
633,AR BAWNE
634,DR SMITH
635,M PRASIDH KRISHNA
636,T MISHRA
637,HH GIBBS
638,WASHINGTON SUNDAR
639,RP MEREDITH
640,LPC SILVA
641,VS YELIGATI
642,MASHRAFE MORTAZA
643,AG MURTAZA
644,MP STOINIS
645,JE ROOT
646,R MINZ
647,O THOMAS
648,MD SHANAKA
649,SE BOND
650,AV WANKHADE
651,SHIVAM SHARMA
652,AD NATH
653,RR ROSSOUW
654,YK PATHAN
655,N POORAN
656,AR PATEL
657,KL NAGARKOTI
658,KMA PAUL
659,R DRAVID
660,WD PARNELL
661,BR DUNK
662,RR BHATKAL
663,SA ABBOTT
664,T STUBBS
665,KA POLLARD
666,N JAGADEESAN
667,HE VAN DER DUSSEN
668,SHOAIB MALIK
669,AS RAUT
670,JR HOPES
671,B LAUGHLIN
672,BMAJ MENDIS
673,TL SEIFERT
674,M THEEKSHANA
675,RASIKH SALAM
676,SHOAIB AKHTAR
677,S RANA
678,NJ RIMMINGTON
679,R TEWATIA
680,PVD CHAMEERA
681,C SAKARIYA
682,AKASH MADHWAL
683,OF SMITH
684,DJ HUSSEY
685,K RABADA
686,AP TARE
687,NL MCCULLUM
688,JPR SCANTLEBURY-SEARLES
689,MM PATEL
690,NAVEEN-UL-HAQ
691,ASHUTOSH SHARMA
692,RP SINGH
693,VG ARORA
694,LMP SIMMONS
695,M MORKEL
696,SHIVAM MAVI
697,S DUBE
698,PWA MULDER
699,VY MAHESH
700,SHAHID AFRIDI
701,C MADAN
702,GD PHILLIPS
703,GB HOGG
704,MP YADAV
705,RG SHARMA
706,PR SHAH
707,SS COTTRELL
708,IR JAGGI
709,JL DENLY
710,A RAGHUVANSHI
711,BB SRAN
712,TU DESHPANDE
713,MUSHEER KHAN
714,SK TRIVEDI
715,AB BARATH
716,LE PLUNKETT
717,LS LIVINGSTONE
718,L BALAJI
719,SE RUTHERFORD
720,PHKD MENDIS
721,L NGIDI
722,K GOEL
723,MEK HUSSEY
724,R GOYAL
725,ZEESHAN ANSARI
726,GH VIHARI
727,M SIDDHARTH
728,AP DOLE
729,J LITTLE
730,B GEEVES
731,BA BHATT
732,PV TAMBE
733,ABHISHEK SHARMA
734,M MARKANDE
735,TM DILSHAN
736,KC SANGAKKARA
737,DAJ BRACEWELL
738,SUNNY SINGH
739,A MITHUN
740,AJ HOSEIN
741,CR WOAKES
742,H SHARMA
743,SHAKIB AL HASAN
744,A NORTJE
745,DM BRAVO
746,PK GARG
747,MW SHORT
748,DT CHRISTIAN
749,MK LOMROR
750,MP BREETZKE
751,MJ LUMB
752,DJ JACOBS
753,SB DUBEY
754,GAGANDEEP SINGH
755,JO HOLDER
756,R BHATIA
757,STR BINNY
758,PSP HANDSCOMB
759,TM SRIVASTAVA
760,SS IYER
761,MOHAMMAD HAFEEZ
762,MS BISLA
763,GURNOOR BRAR
764,KAMRAN KHAN
765,P DOGRA
766,JDS NEESHAM
767,V SHANKAR
768,M MURALITHARAN
769,GC SMITH
770,AC THOMAS
771,DJ HARRIS
772,MUSTAFIZUR RAHMAN
773,RJ GLEESON
774,SD CHITNIS
775,RAHMANULLAH GURBAZ
776,T THUSHARA
777,PJ CUMMINS
778,CJ GREEN
779,D WIESE
