match_id,date,toss_decision,win_outcome,result_type,stage,runs_target,season_id,venue_id,toss_winner_id,match_winner_id,player_of_match_id,superover_winner_id
335982.0,2008-04-18,FIELD,140 RUNS,,LEAGUE,223.0,1,3.0,17,9.0,232,
335983.0,2008-04-19,BAT,33 RUNS,,LEAGUE,241.0,1,7.0,6,6.0,723,
335984.0,2008-04-19,BAT,9 WICKETS,,LEAGUE,130.0,1,10.0,11,2.0,590,
335985.0,2008-04-20,BAT,5 WICKETS,,LEAGUE,166.0,1,28.0,5,17.0,620,
335986.0,2008-04-20,BAT,5 WICKETS,,LEAGUE,111.0,1,23.0,16,9.0,684,
335987.0,2008-04-21,BAT,6 WICKETS,,LEAGUE,167.0,1,18.0,13,11.0,74,
335988.0,2008-04-22,BAT,9 WICKETS,,LEAGUE,143.0,1,16.0,16,2.0,66,
335989.0,2008-04-23,FIELD,6 RUNS,,LEAGUE,209.0,1,8.0,5,6.0,627,
335990.0,2008-04-24,FIELD,3 WICKETS,,LEAGUE,215.0,1,16.0,11,11.0,654,
335991.0,2008-04-25,FIELD,66 RUNS,,LEAGUE,183.0,1,7.0,5,13.0,736,
335992.0,2008-04-26,FIELD,7 WICKETS,,LEAGUE,136.0,1,3.0,11,11.0,74,
335993.0,2008-04-26,BAT,9 WICKETS,,LEAGUE,148.0,1,8.0,9,6.0,497,
335994.0,2008-04-27,FIELD,10 WICKETS,,LEAGUE,155.0,1,27.0,16,16.0,110,
335995.0,2008-04-27,BAT,4 WICKETS,,LEAGUE,159.0,1,7.0,2,13.0,98,
335996.0,2008-04-28,BAT,13 RUNS,,LEAGUE,179.0,1,3.0,6,6.0,522,
335997.0,2008-04-29,BAT,7 WICKETS,,LEAGUE,138.0,1,23.0,9,5.0,65,
335998.0,2008-04-30,FIELD,10 RUNS,,LEAGUE,192.0,1,10.0,17,2.0,273,
335999.0,2008-05-01,FIELD,7 WICKETS,,LEAGUE,165.0,1,16.0,13,13.0,428,
336000.0,2008-05-01,BAT,45 RUNS,,LEAGUE,197.0,1,18.0,11,11.0,28,
336001.0,2008-05-02,BAT,8 WICKETS,,LEAGUE,170.0,1,8.0,6,2.0,66,
336003.0,2008-05-03,BAT,9 RUNS,,LEAGUE,179.0,1,7.0,13,13.0,212,
336034.0,2008-05-03,FIELD,3 RUNS,,LEAGUE,157.0,1,3.0,16,17.0,477,
336004.0,2008-05-04,FIELD,29 RUNS,,LEAGUE,163.0,1,27.0,2,5.0,55,
336005.0,2008-05-04,BAT,8 WICKETS,,LEAGUE,110.0,1,18.0,6,11.0,21,
336006.0,2008-05-05,FIELD,6 WICKETS,,LEAGUE,127.0,1,3.0,13,13.0,210,
336007.0,2008-05-06,FIELD,7 WICKETS,,LEAGUE,145.0,1,8.0,16,16.0,110,
336008.0,2008-05-07,FIELD,7 WICKETS,,LEAGUE,104.0,1,27.0,5,5.0,64,
336009.0,2008-05-08,FIELD,4 WICKETS,,LEAGUE,188.0,1,10.0,6,6.0,522,
336010.0,2008-05-08,BAT,5 RUNS,,LEAGUE,130.0,1,23.0,9,9.0,203,
336011.0,2008-05-09,FIELD,8 WICKETS,,LEAGUE,141.0,1,18.0,11,11.0,654,
336013.0,2008-05-10,FIELD,18 RUNS,,LEAGUE,182.0,1,8.0,13,6.0,718,
336014.0,2008-05-11,BAT,23 RUNS,,LEAGUE,205.0,1,16.0,9,9.0,203,
336015.0,2008-05-11,FIELD,3 WICKETS,,LEAGUE,157.0,1,18.0,11,11.0,74,
336016.0,2008-05-12,BAT,9 WICKETS,,LEAGUE,144.0,1,7.0,17,13.0,428,
336017.0,2008-05-13,BAT,23 RUNS,,LEAGUE,134.0,1,23.0,9,9.0,676,
336018.0,2008-05-14,FIELD,9 WICKETS,,LEAGUE,157.0,1,28.0,5,5.0,65,
336020.0,2008-05-15,FIELD,12 RUNS,,LEAGUE,195.0,1,10.0,16,2.0,234,
336021.0,2008-05-16,FIELD,8 WICKETS,,LEAGUE,68.0,1,28.0,5,5.0,55,
336022.0,2008-05-17,BAT,6 RUNS,,LEAGUE,89.0,1,10.0,2,13.0,529,
336023.0,2008-05-17,FIELD,65 RUNS,,LEAGUE,198.0,1,18.0,17,11.0,769,
336024.0,2008-05-18,FIELD,25 RUNS,,LEAGUE,179.0,1,16.0,16,5.0,449,
336025.0,2008-05-18,BAT,3 RUNS,,LEAGUE,53.0,1,23.0,9,6.0,580,
336026.0,2008-05-19,FIELD,5 WICKETS,,LEAGUE,155.0,1,3.0,2,2.0,2,
336027.0,2008-05-20,FIELD,6 WICKETS,,LEAGUE,148.0,1,23.0,11,11.0,654,
336028.0,2008-05-21,FIELD,1 RUNS,,LEAGUE,190.0,1,28.0,5,13.0,428,
336029.0,2008-05-21,BAT,14 RUNS,,LEAGUE,127.0,1,8.0,17,17.0,39,
336031.0,2008-05-23,FIELD,6 WICKETS,,LEAGUE,176.0,1,7.0,13,13.0,428,
336032.0,2008-05-24,FIELD,5 WICKETS,,LEAGUE,177.0,1,10.0,2,2.0,170,
336033.0,2008-05-24,BAT,10 RUNS,,LEAGUE,212.0,1,8.0,11,11.0,223,
336002.0,2008-05-25,BAT,5 WICKETS,,LEAGUE,166.0,1,16.0,16,17.0,597,
336035.0,2008-05-25,BAT,3 WICKETS,,LEAGUE,175.0,1,23.0,13,9.0,222,
336036.0,2008-05-26,FIELD,5 WICKETS,,LEAGUE,146.0,1,18.0,11,11.0,21,
336037.0,2008-05-27,BAT,7 WICKETS,,LEAGUE,148.0,1,16.0,16,6.0,230,
336012.0,2008-05-28,FIELD,9 WICKETS,,LEAGUE,123.0,1,3.0,5,5.0,410,
336019.0,2008-05-28,FIELD,41 RUNS,,LEAGUE,222.0,1,7.0,11,13.0,428,
336038.0,2008-05-30,FIELD,105 RUNS,,SEMI FINAL,193.0,1,28.0,2,11.0,74,
336039.0,2008-05-31,BAT,9 WICKETS,,SEMI FINAL,113.0,1,28.0,13,6.0,580,
336040.0,2008-06-01,FIELD,3 WICKETS,,FINAL,164.0,1,27.0,11,11.0,654,
392181.0,2009-04-18,FIELD,19 RUNS,,LEAGUE,166.0,2,5.0,6,5.0,132,
392182.0,2009-04-18,BAT,75 RUNS,,LEAGUE,134.0,2,5.0,17,17.0,659,
392183.0,2009-04-19,FIELD,10 WICKETS,,LEAGUE,54.0,2,5.0,2,2.0,353,
392184.0,2009-04-19,BAT,8 WICKETS,,LEAGUE,102.0,2,5.0,9,16.0,692,
392185.0,2009-04-20,BAT,92 RUNS,,LEAGUE,180.0,2,30.0,6,6.0,768,
392186.0,2009-04-21,FIELD,11 RUNS,,LEAGUE,69.0,2,13.0,9,9.0,624,
392188.0,2009-04-22,BAT,24 RUNS,,LEAGUE,185.0,2,5.0,16,16.0,110,
392189.0,2009-04-23,BAT,9 RUNS,,LEAGUE,190.0,2,13.0,2,2.0,481,
392190.0,2009-04-23,FIELD,,TIE,LEAGUE,151.0,2,5.0,9,,654,11.0
392191.0,2009-04-24,BAT,7 WICKETS,,LEAGUE,169.0,2,13.0,17,13.0,348,
392192.0,2009-04-25,BAT,12 RUNS,,LEAGUE,169.0,2,13.0,16,16.0,586,
392194.0,2009-04-26,BAT,6 WICKETS,,LEAGUE,150.0,2,30.0,17,2.0,735,
392195.0,2009-04-26,BAT,27 RUNS,,LEAGUE,140.0,2,5.0,13,13.0,736,
392196.0,2009-04-27,FIELD,6 WICKETS,,LEAGUE,166.0,2,13.0,16,16.0,637,
392197.0,2009-04-27,BAT,92 RUNS,,LEAGUE,188.0,2,30.0,5,5.0,132,
392198.0,2009-04-28,BAT,5 WICKETS,,LEAGUE,144.0,2,6.0,2,11.0,654,
392199.0,2009-04-29,BAT,5 WICKETS,,LEAGUE,140.0,2,13.0,9,17.0,620,
392200.0,2009-04-29,BAT,3 RUNS,,LEAGUE,120.0,2,13.0,13,13.0,736,
392201.0,2009-04-30,FIELD,6 WICKETS,,LEAGUE,149.0,2,6.0,2,2.0,609,
392202.0,2009-04-30,FIELD,38 RUNS,,LEAGUE,165.0,2,6.0,11,6.0,230,
392203.0,2009-05-01,BAT,9 RUNS,,LEAGUE,149.0,2,14.0,5,5.0,573,
392204.0,2009-05-01,BAT,8 RUNS,,LEAGUE,146.0,2,13.0,17,17.0,111,
392205.0,2009-05-02,BAT,3 WICKETS,,LEAGUE,142.0,2,30.0,16,11.0,654,
392206.0,2009-05-02,FIELD,18 RUNS,,LEAGUE,164.0,2,19.0,2,6.0,542,
392207.0,2009-05-03,BAT,6 WICKETS,,LEAGUE,154.0,2,30.0,9,13.0,529,
392208.0,2009-05-03,BAT,9 WICKETS,,LEAGUE,150.0,2,19.0,5,17.0,4,
392209.0,2009-05-04,BAT,78 RUNS,,LEAGUE,179.0,2,14.0,6,6.0,522,
392210.0,2009-05-05,FIELD,78 RUNS,,LEAGUE,212.0,2,13.0,13,11.0,769,
392211.0,2009-05-05,BAT,9 WICKETS,,LEAGUE,155.0,2,13.0,9,2.0,128,
392212.0,2009-05-06,BAT,19 RUNS,,LEAGUE,146.0,2,6.0,16,16.0,705,
392213.0,2009-05-07,FIELD,7 WICKETS,,LEAGUE,106.0,2,6.0,11,11.0,368,
392214.0,2009-05-07,BAT,12 RUNS,,LEAGUE,187.0,2,6.0,6,6.0,627,
392215.0,2009-05-08,BAT,7 WICKETS,,LEAGUE,117.0,2,14.0,5,2.0,64,
392216.0,2009-05-09,FIELD,3 WICKETS,,LEAGUE,169.0,2,21.0,13,13.0,529,
392217.0,2009-05-09,BAT,7 WICKETS,,LEAGUE,141.0,2,21.0,11,6.0,181,
392218.0,2009-05-10,BAT,16 RUNS,,LEAGUE,158.0,2,30.0,5,5.0,573,
392219.0,2009-05-10,FIELD,7 WICKETS,,LEAGUE,124.0,2,19.0,2,2.0,234,
392220.0,2009-05-11,BAT,53 RUNS,,LEAGUE,167.0,2,21.0,16,16.0,634,
392221.0,2009-05-12,FIELD,6 WICKETS,,LEAGUE,174.0,2,6.0,17,17.0,510,
392222.0,2009-05-12,BAT,8 WICKETS,,LEAGUE,120.0,2,6.0,13,5.0,293,
392223.0,2009-05-13,FIELD,12 RUNS,,LEAGUE,174.0,2,13.0,16,2.0,756,
392224.0,2009-05-14,BAT,2 WICKETS,,LEAGUE,130.0,2,13.0,6,17.0,510,
392225.0,2009-05-14,BAT,2 RUNS,,LEAGUE,146.0,2,13.0,11,11.0,536,
392226.0,2009-05-15,FIELD,6 WICKETS,,LEAGUE,121.0,2,4.0,13,13.0,463,
392227.0,2009-05-16,BAT,7 WICKETS,,LEAGUE,148.0,2,30.0,5,6.0,627,
392228.0,2009-05-16,FIELD,6 WICKETS,,LEAGUE,161.0,2,19.0,16,16.0,705,
392229.0,2009-05-17,FIELD,1 RUNS,,LEAGUE,135.0,2,19.0,16,13.0,111,
392230.0,2009-05-17,BAT,14 RUNS,,LEAGUE,151.0,2,4.0,2,2.0,481,
392231.0,2009-05-18,BAT,7 WICKETS,,LEAGUE,189.0,2,6.0,6,9.0,423,
392232.0,2009-05-19,BAT,7 WICKETS,,LEAGUE,135.0,2,19.0,2,17.0,4,
392233.0,2009-05-20,FIELD,4 WICKETS,,LEAGUE,102.0,2,13.0,9,9.0,484,
392234.0,2009-05-20,BAT,24 RUNS,,LEAGUE,117.0,2,13.0,6,6.0,768,
392235.0,2009-05-21,FIELD,4 WICKETS,,LEAGUE,166.0,2,6.0,2,2.0,66,
392236.0,2009-05-21,BAT,12 RUNS,,LEAGUE,171.0,2,6.0,17,17.0,554,
392237.0,2009-05-22,FIELD,6 WICKETS,,SEMI FINAL,154.0,2,6.0,16,16.0,110,
392238.0,2009-05-23,FIELD,6 WICKETS,,SEMI FINAL,147.0,2,19.0,17,17.0,554,
392239.0,2009-05-24,FIELD,6 RUNS,,FINAL,144.0,2,19.0,17,16.0,39,
419106.0,2010-03-12,FIELD,11 RUNS,,LEAGUE,162.0,3,27.0,16,9.0,479,
419107.0,2010-03-13,BAT,4 RUNS,,LEAGUE,213.0,3,26.0,5,5.0,654,
419108.0,2010-03-13,FIELD,5 WICKETS,,LEAGUE,143.0,3,7.0,2,2.0,128,
419109.0,2010-03-14,FIELD,7 WICKETS,,LEAGUE,136.0,3,23.0,9,9.0,155,
419110.0,2010-03-14,BAT,31 RUNS,,LEAGUE,191.0,3,8.0,16,16.0,152,
419111.0,2010-03-15,FIELD,6 WICKETS,,LEAGUE,142.0,3,2.0,2,2.0,66,
419112.0,2010-03-16,BAT,8 WICKETS,,LEAGUE,204.0,3,3.0,13,17.0,4,
419113.0,2010-03-16,BAT,55 RUNS,,LEAGUE,165.0,3,23.0,6,6.0,522,
419114.0,2010-03-17,FIELD,98 RUNS,,LEAGUE,219.0,3,10.0,2,5.0,132,
419115.0,2010-03-18,FIELD,10 WICKETS,,LEAGUE,93.0,3,3.0,17,17.0,4,
419116.0,2010-03-19,BAT,5 WICKETS,,LEAGUE,186.0,3,10.0,2,6.0,627,
419117.0,2010-03-19,FIELD,6 RUNS,,LEAGUE,171.0,3,9.0,13,16.0,403,
419118.0,2010-03-20,BAT,34 RUNS,,LEAGUE,169.0,3,2.0,11,11.0,257,
419119.0,2010-03-20,BAT,7 WICKETS,,LEAGUE,152.0,3,26.0,5,17.0,4,
419120.0,2010-03-21,BAT,10 RUNS,,LEAGUE,172.0,3,9.0,16,16.0,403,
419121.0,2010-03-21,FIELD,,TIE,LEAGUE,137.0,3,8.0,6,,112,13.0
419122.0,2010-03-22,BAT,7 WICKETS,,LEAGUE,156.0,3,26.0,9,5.0,132,
419123.0,2010-03-23,FIELD,36 RUNS,,LEAGUE,172.0,3,3.0,6,17.0,302,
419124.0,2010-03-24,FIELD,31 RUNS,,LEAGUE,184.0,3,7.0,13,11.0,613,
419125.0,2010-03-25,FIELD,5 WICKETS,,LEAGUE,181.0,3,26.0,5,5.0,132,
419128.0,2010-03-25,FIELD,17 RUNS,,LEAGUE,184.0,3,3.0,17,2.0,23,
419126.0,2010-03-26,BAT,8 WICKETS,,LEAGUE,149.0,3,2.0,16,11.0,654,
419127.0,2010-03-27,BAT,39 RUNS,,LEAGUE,184.0,3,7.0,9,9.0,155,
419129.0,2010-03-28,BAT,17 RUNS,,LEAGUE,178.0,3,2.0,11,11.0,80,
419130.0,2010-03-28,FIELD,41 RUNS,,LEAGUE,173.0,3,27.0,16,5.0,293,
419131.0,2010-03-29,BAT,40 RUNS,,LEAGUE,178.0,3,10.0,2,2.0,392,
419132.0,2010-03-30,FIELD,4 WICKETS,,LEAGUE,164.0,3,26.0,5,5.0,386,
419133.0,2010-03-31,BAT,5 WICKETS,,LEAGUE,162.0,3,8.0,17,6.0,563,
419134.0,2010-03-31,BAT,67 RUNS,,LEAGUE,189.0,3,10.0,2,2.0,170,
419135.0,2010-04-01,BAT,24 RUNS,,LEAGUE,182.0,3,23.0,9,9.0,203,
419136.0,2010-04-02,BAT,6 WICKETS,,LEAGUE,182.0,3,7.0,13,17.0,140,
419137.0,2010-04-03,BAT,23 RUNS,,LEAGUE,247.0,3,8.0,6,6.0,563,
419138.0,2010-04-03,BAT,63 RUNS,,LEAGUE,179.0,3,26.0,5,5.0,268,
419139.0,2010-04-04,BAT,8 WICKETS,,LEAGUE,201.0,3,23.0,9,13.0,529,
419140.0,2010-04-04,BAT,37 RUNS,,LEAGUE,185.0,3,10.0,2,2.0,626,
419141.0,2010-04-05,BAT,2 RUNS,,LEAGUE,160.0,3,29.0,11,11.0,536,
419142.0,2010-04-06,BAT,24 RUNS,,LEAGUE,166.0,3,8.0,6,6.0,230,
419143.0,2010-04-07,BAT,9 WICKETS,,LEAGUE,154.0,3,18.0,13,11.0,751,
419144.0,2010-04-07,BAT,14 RUNS,,LEAGUE,182.0,3,23.0,9,9.0,203,
419145.0,2010-04-08,FIELD,7 WICKETS,,LEAGUE,185.0,3,3.0,16,16.0,396,
419146.0,2010-04-09,BAT,6 WICKETS,,LEAGUE,155.0,3,7.0,5,13.0,736,
419147.0,2010-04-10,BAT,6 WICKETS,,LEAGUE,139.0,3,29.0,6,16.0,321,
419148.0,2010-04-10,FIELD,7 WICKETS,,LEAGUE,161.0,3,3.0,17,17.0,597,
419149.0,2010-04-11,BAT,7 WICKETS,,LEAGUE,112.0,3,10.0,2,13.0,251,
419150.0,2010-04-11,FIELD,37 RUNS,,LEAGUE,175.0,3,18.0,11,5.0,132,
419151.0,2010-04-12,FIELD,13 RUNS,,LEAGUE,152.0,3,29.0,17,16.0,345,
419152.0,2010-04-13,BAT,39 RUNS,,LEAGUE,184.0,3,26.0,5,5.0,665,
419153.0,2010-04-13,BAT,9 WICKETS,,LEAGUE,140.0,3,8.0,9,6.0,137,
419154.0,2010-04-14,BAT,5 WICKETS,,LEAGUE,131.0,3,18.0,11,17.0,140,
419155.0,2010-04-15,BAT,6 WICKETS,,LEAGUE,113.0,3,8.0,6,2.0,128,
419156.0,2010-04-16,FIELD,5 WICKETS,,LEAGUE,175.0,3,11.0,16,16.0,705,
419157.0,2010-04-17,FIELD,57 RUNS,,LEAGUE,192.0,3,3.0,17,5.0,426,
419158.0,2010-04-17,BAT,8 WICKETS,,LEAGUE,133.0,3,23.0,11,9.0,58,
419159.0,2010-04-18,FIELD,6 WICKETS,,LEAGUE,193.0,3,11.0,6,6.0,522,
419160.0,2010-04-18,BAT,11 RUNS,,LEAGUE,146.0,3,10.0,16,16.0,403,
419161.0,2010-04-19,BAT,9 WICKETS,,LEAGUE,134.0,3,23.0,5,9.0,326,
419162.0,2010-04-21,BAT,35 RUNS,,SEMI FINAL,185.0,3,27.0,5,5.0,665,
419163.0,2010-04-22,BAT,38 RUNS,,SEMI FINAL,143.0,3,27.0,6,6.0,357,
419164.0,2010-04-24,BAT,9 WICKETS,,3RD PLACE PLAY-OFF,83.0,3,27.0,16,17.0,39,
419165.0,2010-04-25,BAT,22 RUNS,,FINAL,169.0,3,27.0,6,6.0,230,
501198.0,2011-04-08,BAT,2 RUNS,,LEAGUE,154.0,4,8.0,6,6.0,450,
501199.0,2011-04-09,FIELD,8 WICKETS,,LEAGUE,138.0,4,16.0,11,11.0,714,
501200.0,2011-04-09,BAT,6 WICKETS,,LEAGUE,162.0,4,22.0,4,17.0,481,
501201.0,2011-04-10,BAT,8 WICKETS,,LEAGUE,96.0,4,10.0,2,5.0,386,
501202.0,2011-04-10,BAT,7 WICKETS,,LEAGUE,113.0,4,27.0,13,7.0,13,
501203.0,2011-04-11,BAT,9 RUNS,,LEAGUE,164.0,4,23.0,9,9.0,4,
501204.0,2011-04-12,BAT,6 WICKETS,,LEAGUE,152.0,4,18.0,2,11.0,536,
501205.0,2011-04-12,FIELD,9 WICKETS,,LEAGUE,141.0,4,3.0,5,5.0,132,
501206.0,2011-04-13,FIELD,6 WICKETS,,LEAGUE,189.0,4,7.0,13,13.0,500,
501207.0,2011-04-13,BAT,4 WICKETS,,LEAGUE,149.0,4,27.0,4,7.0,127,
501208.0,2011-04-14,FIELD,33 RUNS,,LEAGUE,176.0,4,16.0,17,16.0,559,
501209.0,2011-04-15,FIELD,9 WICKETS,,LEAGUE,160.0,4,18.0,9,9.0,128,
501210.0,2011-04-15,FIELD,8 WICKETS,,LEAGUE,183.0,4,28.0,4,4.0,232,
501211.0,2011-04-16,BAT,21 RUNS,,LEAGUE,184.0,4,8.0,6,6.0,723,
501212.0,2011-04-16,FIELD,8 WICKETS,,LEAGUE,166.0,4,16.0,13,13.0,500,
501213.0,2011-04-17,FIELD,3 WICKETS,,LEAGUE,188.0,4,27.0,2,2.0,111,
501214.0,2011-04-17,FIELD,8 WICKETS,,LEAGUE,82.0,4,23.0,9,9.0,718,
501215.0,2011-04-18,FIELD,7 WICKETS,,LEAGUE,135.0,4,22.0,4,4.0,232,
501216.0,2011-04-19,BAT,16 RUNS,,LEAGUE,169.0,4,10.0,16,16.0,616,
501218.0,2011-04-20,BAT,7 WICKETS,,LEAGUE,119.0,4,28.0,7,5.0,689,
501219.0,2011-04-20,FIELD,6 RUNS,,LEAGUE,133.0,4,23.0,9,4.0,529,
501220.0,2011-04-21,FIELD,48 RUNS,,LEAGUE,196.0,4,7.0,11,13.0,428,
501221.0,2011-04-22,FIELD,8 RUNS,,LEAGUE,165.0,4,28.0,6,5.0,293,
501222.0,2011-04-22,FIELD,9 WICKETS,,LEAGUE,172.0,4,23.0,17,17.0,624,
501223.0,2011-04-23,FIELD,29 RUNS,,LEAGUE,232.0,4,10.0,13,2.0,392,
501224.0,2011-04-24,FIELD,37 RUNS,,LEAGUE,173.0,4,16.0,16,5.0,386,
501225.0,2011-04-24,FIELD,8 WICKETS,,LEAGUE,110.0,4,18.0,11,11.0,536,
501226.0,2011-04-25,FIELD,25 RUNS,,LEAGUE,143.0,4,8.0,7,6.0,723,
501227.0,2011-04-26,FIELD,3 WICKETS,,LEAGUE,161.0,4,10.0,17,17.0,151,
501228.0,2011-04-27,BAT,8 WICKETS,,LEAGUE,142.0,4,27.0,7,6.0,357,
501229.0,2011-04-27,FIELD,55 RUNS,,LEAGUE,130.0,4,22.0,4,16.0,383,
501230.0,2011-04-28,FIELD,17 RUNS,,LEAGUE,149.0,4,10.0,2,9.0,155,
501231.0,2011-04-29,FIELD,7 WICKETS,,LEAGUE,95.0,4,18.0,11,11.0,250,
501232.0,2011-04-29,FIELD,26 RUNS,,LEAGUE,182.0,4,3.0,7,17.0,151,
501233.0,2011-04-30,BAT,38 RUNS,,LEAGUE,158.0,4,22.0,2,2.0,66,
501234.0,2011-04-30,FIELD,8 WICKETS,,LEAGUE,120.0,4,23.0,9,9.0,381,
501235.0,2011-05-01,FIELD,6 WICKETS,,LEAGUE,144.0,4,18.0,11,11.0,510,
501236.0,2011-05-01,BAT,19 RUNS,,LEAGUE,166.0,4,8.0,6,6.0,223,
501237.0,2011-05-02,FIELD,23 RUNS,,LEAGUE,160.0,4,28.0,13,5.0,665,
501238.0,2011-05-02,FIELD,7 WICKETS,,LEAGUE,141.0,4,10.0,4,4.0,11,
501239.0,2011-05-03,FIELD,20 RUNS,,LEAGUE,170.0,4,16.0,16,9.0,654,
501240.0,2011-05-04,BAT,8 WICKETS,,LEAGUE,148.0,4,8.0,11,6.0,723,
501241.0,2011-05-04,FIELD,21 RUNS,,LEAGUE,161.0,4,27.0,7,5.0,343,
501242.0,2011-05-05,FIELD,17 RUNS,,LEAGUE,157.0,4,22.0,9,4.0,423,
501243.0,2011-05-05,FIELD,4 WICKETS,,LEAGUE,176.0,4,16.0,2,2.0,66,
501244.0,2011-05-06,FIELD,85 RUNS,,LEAGUE,206.0,4,3.0,13,17.0,624,
501245.0,2011-05-07,BAT,10 RUNS,,LEAGUE,52.0,4,23.0,6,9.0,381,
501246.0,2011-05-07,FIELD,32 RUNS,,LEAGUE,179.0,4,28.0,2,5.0,268,
501247.0,2011-05-08,BAT,9 WICKETS,,LEAGUE,126.0,4,3.0,4,17.0,624,
501248.0,2011-05-08,BAT,5 WICKETS,,LEAGUE,120.0,4,7.0,13,7.0,343,
501249.0,2011-05-09,FIELD,63 RUNS,,LEAGUE,197.0,4,18.0,11,6.0,563,
501250.0,2011-05-10,BAT,6 WICKETS,,LEAGUE,137.0,4,16.0,16,7.0,297,
501251.0,2011-05-10,FIELD,76 RUNS,,LEAGUE,164.0,4,7.0,5,13.0,731,
501252.0,2011-05-11,FIELD,9 WICKETS,,LEAGUE,147.0,4,18.0,17,17.0,558,
501253.0,2011-05-12,BAT,18 RUNS,,LEAGUE,177.0,4,8.0,6,6.0,522,
501254.0,2011-05-13,FIELD,6 WICKETS,,LEAGUE,179.0,4,17.0,13,13.0,170,
501255.0,2011-05-14,FIELD,4 WICKETS,,LEAGUE,102.0,4,3.0,17,17.0,624,
501256.0,2011-05-14,BAT,10 RUNS,,LEAGUE,136.0,4,28.0,16,16.0,234,
501257.0,2011-05-15,FIELD,29 RUNS,,LEAGUE,171.0,4,11.0,2,13.0,251,
501258.0,2011-05-15,FIELD,8 WICKETS,,LEAGUE,98.0,4,17.0,4,4.0,423,
501259.0,2011-05-16,FIELD,6 WICKETS,,LEAGUE,137.0,4,27.0,16,16.0,234,
501260.0,2011-05-17,BAT,111 RUNS,,LEAGUE,233.0,4,11.0,13,13.0,110,
501261.0,2011-05-18,BAT,11 RUNS,,LEAGUE,153.0,4,8.0,6,6.0,465,
501262.0,2011-05-19,FIELD,7 WICKETS,,LEAGUE,119.0,4,27.0,9,9.0,654,
501263.0,2011-05-20,BAT,10 WICKETS,,LEAGUE,134.0,4,28.0,5,11.0,74,
501264.0,2011-05-21,FIELD,82 RUNS,,LEAGUE,199.0,4,11.0,13,16.0,504,
501265.0,2011-05-21,BAT,,NO RESULT,LEAGUE,,4,10.0,2,,513,
501266.0,2011-05-22,FIELD,8 WICKETS,,LEAGUE,129.0,4,3.0,17,17.0,624,
501267.0,2011-05-22,FIELD,5 WICKETS,,LEAGUE,176.0,4,23.0,5,5.0,608,
501268.0,2011-05-24,FIELD,6 WICKETS,,QUALIFIER 1,176.0,4,28.0,6,6.0,230,
501269.0,2011-05-25,FIELD,4 WICKETS,,ELIMINATION FINAL,148.0,4,28.0,5,5.0,689,
501270.0,2011-05-27,FIELD,43 RUNS,,QUALIFIER 2,186.0,4,8.0,5,17.0,624,
501271.0,2011-05-28,BAT,58 RUNS,,FINAL,206.0,4,8.0,6,6.0,563,
548306.0,2012-04-04,FIELD,8 WICKETS,,LEAGUE,113.0,5,8.0,5,5.0,468,
548307.0,2012-04-05,FIELD,8 WICKETS,,LEAGUE,98.0,5,23.0,2,2.0,212,
548308.0,2012-04-06,FIELD,28 RUNS,,LEAGUE,130.0,5,28.0,5,7.0,530,
548309.0,2012-04-06,FIELD,31 RUNS,,LEAGUE,192.0,5,18.0,13,11.0,490,
548310.0,2012-04-07,FIELD,20 RUNS,,LEAGUE,158.0,5,3.0,2,17.0,481,
548311.0,2012-04-07,FIELD,74 RUNS,,LEAGUE,194.0,5,37.0,16,6.0,6,
548312.0,2012-04-08,FIELD,22 RUNS,,LEAGUE,165.0,5,18.0,9,11.0,423,
548313.0,2012-04-08,BAT,22 RUNS,,LEAGUE,167.0,5,31.0,7,7.0,364,
548314.0,2012-04-09,BAT,5 WICKETS,,LEAGUE,139.0,5,37.0,16,5.0,705,
548315.0,2012-04-10,FIELD,42 RUNS,,LEAGUE,166.0,5,3.0,17,9.0,718,
548316.0,2012-04-10,FIELD,8 WICKETS,,LEAGUE,111.0,5,10.0,2,2.0,695,
548317.0,2012-04-11,FIELD,27 RUNS,,LEAGUE,198.0,5,28.0,11,5.0,665,
548318.0,2012-04-12,BAT,5 WICKETS,,LEAGUE,206.0,5,8.0,17,6.0,415,
548319.0,2012-04-12,FIELD,7 WICKETS,,LEAGUE,116.0,5,7.0,13,13.0,241,
548320.0,2012-04-13,BAT,5 WICKETS,,LEAGUE,132.0,5,23.0,11,9.0,743,
548322.0,2012-04-14,BAT,7 WICKETS,,LEAGUE,156.0,5,31.0,6,7.0,207,
548323.0,2012-04-15,FIELD,2 RUNS,,LEAGUE,135.0,5,23.0,9,13.0,255,
548324.0,2012-04-15,BAT,59 RUNS,,LEAGUE,196.0,5,3.0,11,11.0,490,
548325.0,2012-04-16,FIELD,7 WICKETS,,LEAGUE,93.0,5,28.0,2,2.0,451,
548326.0,2012-04-17,BAT,5 WICKETS,,LEAGUE,197.0,5,18.0,16,11.0,423,
548327.0,2012-04-17,BAT,6 WICKETS,,LEAGUE,183.0,5,3.0,7,17.0,624,
548328.0,2012-04-18,BAT,8 WICKETS,,LEAGUE,125.0,5,7.0,13,9.0,128,
548321.0,2012-04-19,BAT,5 WICKETS,,LEAGUE,158.0,5,10.0,16,2.0,140,
548330.0,2012-04-19,FIELD,13 RUNS,,LEAGUE,165.0,5,8.0,7,6.0,313,
548331.0,2012-04-20,FIELD,5 WICKETS,,LEAGUE,164.0,5,7.0,17,17.0,624,
548332.0,2012-04-21,BAT,7 WICKETS,,LEAGUE,147.0,5,8.0,11,6.0,415,
548333.0,2012-04-21,FIELD,20 RUNS,,LEAGUE,193.0,5,10.0,2,7.0,203,
548334.0,2012-04-22,BAT,6 WICKETS,,LEAGUE,164.0,5,28.0,5,13.0,428,
548335.0,2012-04-22,FIELD,5 WICKETS,,LEAGUE,127.0,5,9.0,9,9.0,463,
548336.0,2012-04-23,FIELD,46 RUNS,,LEAGUE,190.0,5,18.0,11,17.0,481,
548337.0,2012-04-24,BAT,8 WICKETS,,LEAGUE,147.0,5,31.0,7,2.0,66,
548339.0,2012-04-25,BAT,4 WICKETS,,LEAGUE,169.0,5,7.0,13,5.0,268,
548341.0,2012-04-26,BAT,18 RUNS,,LEAGUE,178.0,5,31.0,16,16.0,330,
548342.0,2012-04-27,FIELD,37 RUNS,,LEAGUE,208.0,5,10.0,5,2.0,66,
548343.0,2012-04-28,BAT,7 RUNS,,LEAGUE,157.0,5,8.0,13,13.0,225,
548344.0,2012-04-28,BAT,47 RUNS,,LEAGUE,191.0,5,23.0,9,9.0,128,
548345.0,2012-04-29,BAT,1 RUNS,,LEAGUE,153.0,5,10.0,2,2.0,66,
548346.0,2012-04-29,FIELD,5 WICKETS,,LEAGUE,101.0,5,28.0,5,5.0,559,
548347.0,2012-04-30,BAT,5 WICKETS,,LEAGUE,140.0,5,8.0,6,9.0,128,
548348.0,2012-05-01,BAT,13 RUNS,,LEAGUE,187.0,5,9.0,16,16.0,736,
548349.0,2012-05-01,BAT,6 WICKETS,,LEAGUE,142.0,5,18.0,11,2.0,245,
548350.0,2012-05-02,FIELD,4 WICKETS,,LEAGUE,159.0,5,3.0,13,13.0,14,
548351.0,2012-05-03,BAT,1 RUNS,,LEAGUE,121.0,5,31.0,5,5.0,386,
548352.0,2012-05-04,BAT,10 RUNS,,LEAGUE,161.0,5,8.0,6,6.0,230,
548353.0,2012-05-05,BAT,7 RUNS,,LEAGUE,151.0,5,23.0,9,9.0,255,
548354.0,2012-05-05,BAT,43 RUNS,,LEAGUE,178.0,5,7.0,11,11.0,74,
548355.0,2012-05-06,FIELD,2 WICKETS,,LEAGUE,174.0,5,28.0,5,5.0,634,
548356.0,2012-05-06,FIELD,5 WICKETS,,LEAGUE,182.0,5,3.0,17,17.0,481,
548357.0,2012-05-07,BAT,6 WICKETS,,LEAGUE,154.0,5,10.0,2,9.0,4,
548358.0,2012-05-08,BAT,7 WICKETS,,LEAGUE,126.0,5,31.0,7,11.0,74,
548359.0,2012-05-08,FIELD,25 RUNS,,LEAGUE,171.0,5,16.0,16,13.0,225,
548360.0,2012-05-09,FIELD,9 WICKETS,,LEAGUE,142.0,5,28.0,17,17.0,624,
548329.0,2012-05-10,BAT,9 WICKETS,,LEAGUE,188.0,5,16.0,16,2.0,392,
548361.0,2012-05-10,FIELD,4 WICKETS,,LEAGUE,127.0,5,18.0,6,6.0,538,
548362.0,2012-05-11,FIELD,35 RUNS,,LEAGUE,174.0,5,31.0,7,17.0,624,
548363.0,2012-05-12,BAT,27 RUNS,,LEAGUE,183.0,5,23.0,5,5.0,705,
548364.0,2012-05-12,FIELD,9 WICKETS,,LEAGUE,115.0,5,8.0,6,6.0,538,
548365.0,2012-05-13,BAT,45 RUNS,,LEAGUE,171.0,5,18.0,11,11.0,191,
548366.0,2012-05-13,BAT,4 WICKETS,,LEAGUE,191.0,5,7.0,16,13.0,684,
548367.0,2012-05-14,FIELD,5 WICKETS,,LEAGUE,172.0,5,3.0,5,5.0,268,
548368.0,2012-05-14,FIELD,5 WICKETS,,LEAGUE,159.0,5,23.0,6,6.0,723,
548369.0,2012-05-15,BAT,5 WICKETS,,LEAGUE,137.0,5,10.0,13,2.0,564,
548370.0,2012-05-16,FIELD,32 RUNS,,LEAGUE,141.0,5,28.0,5,9.0,255,
548371.0,2012-05-17,FIELD,6 WICKETS,,LEAGUE,121.0,5,11.0,13,13.0,110,
548372.0,2012-05-17,FIELD,21 RUNS,,LEAGUE,216.0,5,10.0,2,17.0,624,
548373.0,2012-05-18,BAT,5 WICKETS,,LEAGUE,127.0,5,16.0,11,16.0,559,
548374.0,2012-05-19,FIELD,6 WICKETS,,LEAGUE,142.0,5,11.0,2,2.0,564,
548375.0,2012-05-19,BAT,34 RUNS,,LEAGUE,137.0,5,31.0,9,9.0,743,
548376.0,2012-05-20,FIELD,9 RUNS,,LEAGUE,133.0,5,16.0,17,16.0,559,
548377.0,2012-05-20,BAT,10 WICKETS,,LEAGUE,163.0,5,18.0,11,5.0,634,
548378.0,2012-05-22,BAT,18 RUNS,,QUALIFIER 1,163.0,5,31.0,9,9.0,654,
548379.0,2012-05-23,FIELD,38 RUNS,,ELIMINATION FINAL,188.0,5,3.0,5,6.0,522,
548380.0,2012-05-25,FIELD,86 RUNS,,QUALIFIER 2,223.0,5,8.0,2,6.0,563,
548381.0,2012-05-27,BAT,5 WICKETS,,FINAL,191.0,5,8.0,6,9.0,762,
597998.0,2013-04-03,FIELD,6 WICKETS,,LEAGUE,129.0,6,23.0,9,9.0,255,
597999.0,2013-04-04,FIELD,2 RUNS,,LEAGUE,157.0,6,3.0,5,17.0,624,
598000.0,2013-04-05,FIELD,22 RUNS,,LEAGUE,127.0,6,16.0,7,15.0,234,
598001.0,2013-04-06,BAT,5 RUNS,,LEAGUE,166.0,6,10.0,11,11.0,659,
598002.0,2013-04-06,BAT,9 RUNS,,LEAGUE,149.0,6,8.0,5,5.0,665,
598003.0,2013-04-07,BAT,8 WICKETS,,LEAGUE,100.0,6,31.0,7,13.0,579,
598004.0,2013-04-07,BAT,,TIE,LEAGUE,131.0,6,16.0,17,,726,15.0
598005.0,2013-04-08,FIELD,19 RUNS,,LEAGUE,145.0,6,18.0,9,11.0,714,
598006.0,2013-04-09,BAT,44 RUNS,,LEAGUE,210.0,6,28.0,5,5.0,170,
598048.0,2013-04-09,BAT,7 WICKETS,,LEAGUE,162.0,6,3.0,15,17.0,151,
598007.0,2013-04-10,FIELD,10 WICKETS,,LEAGUE,139.0,6,7.0,6,6.0,723,
598008.0,2013-04-11,FIELD,8 WICKETS,,LEAGUE,155.0,6,3.0,17,17.0,624,
598009.0,2013-04-11,BAT,7 WICKETS,,LEAGUE,146.0,6,31.0,11,7.0,221,
598010.0,2013-04-12,BAT,3 WICKETS,,LEAGUE,115.0,6,10.0,2,15.0,234,
598011.0,2013-04-13,BAT,41 RUNS,,LEAGUE,184.0,6,28.0,5,5.0,705,
598012.0,2013-04-13,FIELD,4 WICKETS,,LEAGUE,166.0,6,8.0,6,6.0,6,
598013.0,2013-04-14,BAT,48 RUNS,,LEAGUE,181.0,6,23.0,9,9.0,128,
598014.0,2013-04-14,FIELD,6 WICKETS,,LEAGUE,125.0,6,18.0,11,11.0,303,
598015.0,2013-04-15,BAT,24 RUNS,,LEAGUE,160.0,6,8.0,7,7.0,530,
598016.0,2013-04-16,FIELD,4 RUNS,,LEAGUE,158.0,6,7.0,9,13.0,174,
598017.0,2013-04-16,FIELD,,TIE,LEAGUE,153.0,6,3.0,17,,151,17.0
598018.0,2013-04-17,FIELD,11 RUNS,,LEAGUE,120.0,6,32.0,7,15.0,234,
598019.0,2013-04-17,BAT,87 RUNS,,LEAGUE,180.0,6,18.0,11,11.0,490,
598020.0,2013-04-18,BAT,86 RUNS,,LEAGUE,170.0,6,10.0,6,6.0,723,
598021.0,2013-04-19,BAT,5 WICKETS,,LEAGUE,124.0,6,16.0,13,15.0,726,
598022.0,2013-04-20,BAT,4 WICKETS,,LEAGUE,120.0,6,23.0,9,6.0,6,
598023.0,2013-04-20,FIELD,7 WICKETS,,LEAGUE,118.0,6,3.0,17,17.0,597,
598024.0,2013-04-21,BAT,9 WICKETS,,LEAGUE,162.0,6,10.0,5,2.0,66,
598025.0,2013-04-21,FIELD,7 WICKETS,,LEAGUE,186.0,6,7.0,13,13.0,359,
598026.0,2013-04-22,BAT,5 WICKETS,,LEAGUE,186.0,6,8.0,11,6.0,723,
598027.0,2013-04-23,FIELD,130 RUNS,,LEAGUE,264.0,6,3.0,7,17.0,624,
598059.0,2013-04-23,FIELD,5 WICKETS,,LEAGUE,121.0,6,10.0,13,13.0,345,
598029.0,2013-04-24,BAT,5 WICKETS,,LEAGUE,160.0,6,23.0,9,5.0,634,
598030.0,2013-04-25,BAT,5 WICKETS,,LEAGUE,160.0,6,8.0,15,6.0,522,
598031.0,2013-04-26,BAT,6 WICKETS,,LEAGUE,150.0,6,23.0,13,9.0,4,
598032.0,2013-04-27,BAT,8 WICKETS,,LEAGUE,145.0,6,18.0,15,11.0,303,
598033.0,2013-04-27,BAT,58 RUNS,,LEAGUE,195.0,6,28.0,5,5.0,634,
598034.0,2013-04-28,FIELD,14 RUNS,,LEAGUE,201.0,6,8.0,9,6.0,723,
598035.0,2013-04-28,FIELD,15 RUNS,,LEAGUE,165.0,6,33.0,7,2.0,392,
598036.0,2013-04-29,FIELD,4 WICKETS,,LEAGUE,172.0,6,18.0,11,11.0,502,
598037.0,2013-04-29,BAT,4 RUNS,,LEAGUE,175.0,6,28.0,5,5.0,705,
598038.0,2013-04-30,BAT,37 RUNS,,LEAGUE,165.0,6,31.0,6,6.0,522,
598039.0,2013-05-01,BAT,7 WICKETS,,LEAGUE,130.0,6,16.0,5,15.0,383,
598040.0,2013-05-01,BAT,7 WICKETS,,LEAGUE,137.0,6,33.0,9,2.0,392,
598041.0,2013-05-02,BAT,15 RUNS,,LEAGUE,187.0,6,8.0,6,6.0,230,
598042.0,2013-05-02,BAT,17 RUNS,,LEAGUE,188.0,6,31.0,17,17.0,481,
598043.0,2013-05-03,BAT,8 WICKETS,,LEAGUE,133.0,6,23.0,11,9.0,654,
598044.0,2013-05-04,BAT,6 WICKETS,,LEAGUE,81.0,6,16.0,2,15.0,50,
598046.0,2013-05-05,BAT,60 RUNS,,LEAGUE,140.0,6,28.0,5,5.0,144,
598047.0,2013-05-05,BAT,5 WICKETS,,LEAGUE,179.0,6,18.0,7,11.0,490,
598064.0,2013-05-06,FIELD,6 WICKETS,,LEAGUE,191.0,6,7.0,13,13.0,359,
598049.0,2013-05-07,BAT,9 WICKETS,,LEAGUE,155.0,6,18.0,2,11.0,490,
598050.0,2013-05-07,BAT,65 RUNS,,LEAGUE,171.0,6,28.0,5,5.0,132,
598051.0,2013-05-08,FIELD,77 RUNS,,LEAGUE,224.0,6,16.0,15,6.0,230,
598052.0,2013-05-09,FIELD,8 WICKETS,,LEAGUE,146.0,6,7.0,11,11.0,168,
598053.0,2013-05-09,BAT,46 RUNS,,LEAGUE,153.0,6,31.0,9,9.0,128,
598054.0,2013-05-10,FIELD,4 RUNS,,LEAGUE,184.0,6,10.0,2,17.0,58,
598055.0,2013-05-11,BAT,5 WICKETS,,LEAGUE,113.0,6,31.0,7,5.0,144,
598056.0,2013-05-11,FIELD,30 RUNS,,LEAGUE,151.0,6,7.0,13,15.0,121,
598057.0,2013-05-12,FIELD,5 WICKETS,,LEAGUE,116.0,6,35.0,9,9.0,4,
598058.0,2013-05-12,FIELD,5 WICKETS,,LEAGUE,142.0,6,18.0,11,11.0,74,
598060.0,2013-05-13,BAT,7 WICKETS,,LEAGUE,179.0,6,28.0,15,5.0,665,
598045.0,2013-05-14,FIELD,7 WICKETS,,LEAGUE,175.0,6,3.0,13,13.0,110,
598062.0,2013-05-14,BAT,33 RUNS,,LEAGUE,169.0,6,8.0,6,6.0,522,
598061.0,2013-05-15,FIELD,7 RUNS,,LEAGUE,171.0,6,35.0,9,7.0,554,
598063.0,2013-05-15,FIELD,14 RUNS,,LEAGUE,167.0,6,28.0,11,5.0,686,
598028.0,2013-05-16,FIELD,7 RUNS,,LEAGUE,172.0,6,11.0,2,13.0,359,
598065.0,2013-05-17,BAT,23 RUNS,,LEAGUE,137.0,6,16.0,15,15.0,234,
598066.0,2013-05-18,FIELD,50 RUNS,,LEAGUE,184.0,6,11.0,5,13.0,14,
598068.0,2013-05-18,FIELD,24 RUNS,,LEAGUE,107.0,6,3.0,6,17.0,151,
598067.0,2013-05-19,BAT,38 RUNS,,LEAGUE,173.0,6,31.0,7,7.0,167,
598069.0,2013-05-19,BAT,5 WICKETS,,LEAGUE,131.0,6,16.0,9,15.0,121,
598070.0,2013-05-21,BAT,48 RUNS,,QUALIFIER 1,193.0,6,10.0,6,6.0,723,
598071.0,2013-05-22,BAT,4 WICKETS,,ELIMINATOR,133.0,6,10.0,15,11.0,423,
598072.0,2013-05-24,BAT,4 WICKETS,,QUALIFIER 2,166.0,6,23.0,11,5.0,293,
598073.0,2013-05-26,BAT,23 RUNS,,FINAL,149.0,6,23.0,5,5.0,665,
729279.0,2014-04-16,BAT,41 RUNS,,LEAGUE,164.0,7,1.0,9,9.0,4,
729281.0,2014-04-17,FIELD,8 WICKETS,,LEAGUE,146.0,7,36.0,17,17.0,179,
729283.0,2014-04-18,BAT,6 WICKETS,,LEAGUE,206.0,7,1.0,6,13.0,63,
729285.0,2014-04-18,FIELD,4 WICKETS,,LEAGUE,134.0,7,1.0,11,11.0,490,
729287.0,2014-04-19,FIELD,7 WICKETS,,LEAGUE,116.0,7,12.0,17,17.0,121,
729289.0,2014-04-19,BAT,4 WICKETS,,LEAGUE,167.0,7,12.0,9,2.0,573,
729291.0,2014-04-20,FIELD,7 WICKETS,,LEAGUE,192.0,7,36.0,13,13.0,63,
729293.0,2014-04-21,BAT,93 RUNS,,LEAGUE,178.0,7,1.0,6,6.0,230,
729295.0,2014-04-22,FIELD,72 RUNS,,LEAGUE,194.0,7,36.0,15,13.0,63,
729297.0,2014-04-23,FIELD,7 RUNS,,LEAGUE,141.0,7,12.0,11,6.0,6,
729299.0,2014-04-24,FIELD,2 RUNS,,LEAGUE,151.0,7,36.0,17,9.0,436,
729301.0,2014-04-25,BAT,4 RUNS,,LEAGUE,185.0,7,12.0,15,15.0,221,
729303.0,2014-04-25,BAT,7 WICKETS,,LEAGUE,142.0,7,12.0,5,6.0,178,
729305.0,2014-04-26,FIELD,6 WICKETS,,LEAGUE,71.0,7,1.0,11,11.0,732,
729307.0,2014-04-26,FIELD,23 RUNS,,LEAGUE,133.0,7,1.0,9,13.0,371,
729309.0,2014-04-27,BAT,6 WICKETS,,LEAGUE,126.0,7,36.0,5,2.0,563,
729311.0,2014-04-27,BAT,5 WICKETS,,LEAGUE,146.0,7,36.0,15,6.0,634,
729313.0,2014-04-28,FIELD,5 WICKETS,,LEAGUE,125.0,7,12.0,13,13.0,371,
729315.0,2014-04-29,BAT,,TIE,LEAGUE,153.0,7,1.0,11,,303,11.0
729317.0,2014-04-30,FIELD,15 RUNS,,LEAGUE,173.0,7,12.0,5,15.0,545,
733971.0,2014-05-02,BAT,34 RUNS,,LEAGUE,149.0,7,35.0,6,6.0,6,
733973.0,2014-05-03,BAT,5 WICKETS,,LEAGUE,169.0,7,28.0,13,5.0,229,
733975.0,2014-05-03,FIELD,7 WICKETS,,LEAGUE,153.0,7,10.0,11,11.0,492,
733977.0,2014-05-04,FIELD,4 WICKETS,,LEAGUE,156.0,7,3.0,17,17.0,481,
733979.0,2014-05-05,FIELD,10 RUNS,,LEAGUE,171.0,7,2.0,9,11.0,732,
733981.0,2014-05-05,FIELD,8 WICKETS,,LEAGUE,179.0,7,10.0,6,6.0,634,
733983.0,2014-05-06,FIELD,19 RUNS,,LEAGUE,188.0,7,28.0,17,5.0,705,
733985.0,2014-05-07,BAT,8 WICKETS,,LEAGUE,161.0,7,10.0,2,9.0,128,
733987.0,2014-05-07,FIELD,44 RUNS,,LEAGUE,232.0,7,9.0,6,13.0,63,
733989.0,2014-05-08,FIELD,32 RUNS,,LEAGUE,135.0,7,2.0,11,15.0,545,
733991.0,2014-05-09,FIELD,32 RUNS,,LEAGUE,199.0,7,3.0,17,13.0,371,
733993.0,2014-05-10,FIELD,8 WICKETS,,LEAGUE,43.0,7,10.0,15,15.0,559,
733995.0,2014-05-10,FIELD,4 WICKETS,,LEAGUE,158.0,7,28.0,6,6.0,634,
733997.0,2014-05-11,FIELD,9 WICKETS,,LEAGUE,150.0,7,9.0,9,9.0,128,
733999.0,2014-05-11,BAT,5 WICKETS,,LEAGUE,191.0,7,3.0,17,11.0,303,
734001.0,2014-05-12,BAT,7 WICKETS,,LEAGUE,158.0,7,16.0,15,5.0,268,
734003.0,2014-05-13,BAT,5 WICKETS,,LEAGUE,149.0,7,35.0,11,6.0,6,
734005.0,2014-05-13,FIELD,16 RUNS,,LEAGUE,187.0,7,3.0,2,17.0,111,
734007.0,2014-05-14,FIELD,6 WICKETS,,LEAGUE,206.0,7,16.0,13,13.0,465,
734009.0,2014-05-14,FIELD,6 WICKETS,,LEAGUE,142.0,7,9.0,9,9.0,302,
734011.0,2014-05-15,FIELD,62 RUNS,,LEAGUE,202.0,7,2.0,2,11.0,490,
734013.0,2014-05-18,BAT,5 WICKETS,,LEAGUE,139.0,7,35.0,6,17.0,481,
734015.0,2014-05-18,BAT,7 WICKETS,,LEAGUE,143.0,7,16.0,15,9.0,564,
734017.0,2014-05-19,BAT,25 RUNS,,LEAGUE,179.0,7,2.0,5,5.0,723,
734019.0,2014-05-19,FIELD,4 WICKETS,,LEAGUE,165.0,7,10.0,13,13.0,656,
734021.0,2014-05-20,BAT,7 WICKETS,,LEAGUE,161.0,7,16.0,17,15.0,392,
734023.0,2014-05-20,FIELD,8 WICKETS,,LEAGUE,155.0,7,23.0,9,9.0,302,
734025.0,2014-05-21,FIELD,7 WICKETS,,LEAGUE,157.0,7,7.0,5,5.0,694,
734027.0,2014-05-22,FIELD,30 RUNS,,LEAGUE,196.0,7,23.0,17,9.0,302,
734029.0,2014-05-22,FIELD,6 WICKETS,,LEAGUE,186.0,7,35.0,15,15.0,392,
734031.0,2014-05-23,FIELD,15 RUNS,,LEAGUE,174.0,7,28.0,2,5.0,723,
734033.0,2014-05-23,FIELD,16 RUNS,,LEAGUE,180.0,7,7.0,11,13.0,428,
734035.0,2014-05-24,FIELD,8 WICKETS,,LEAGUE,155.0,7,3.0,6,6.0,522,
734037.0,2014-05-24,FIELD,4 WICKETS,,LEAGUE,161.0,7,23.0,9,9.0,654,
734039.0,2014-05-25,FIELD,7 WICKETS,,LEAGUE,116.0,7,7.0,13,13.0,579,
734041.0,2014-05-25,FIELD,5 WICKETS,,LEAGUE,190.0,7,28.0,5,5.0,229,
734043.0,2014-05-27,FIELD,28 RUNS,,QUALIFIER 1,164.0,7,23.0,13,9.0,564,
734045.0,2014-05-28,FIELD,7 WICKETS,,ELIMINATOR,174.0,7,26.0,6,6.0,230,
734047.0,2014-05-30,FIELD,24 RUNS,,QUALIFIER 2,227.0,7,28.0,6,13.0,66,
734049.0,2014-06-01,FIELD,3 WICKETS,,FINAL,200.0,7,3.0,9,9.0,554,
829705.0,2015-04-08,FIELD,7 WICKETS,,LEAGUE,169.0,8,23.0,9,9.0,695,
829707.0,2015-04-09,FIELD,1 RUNS,,LEAGUE,151.0,8,8.0,2,6.0,64,
829709.0,2015-04-10,FIELD,26 RUNS,,LEAGUE,163.0,8,32.0,13,11.0,303,
829711.0,2015-04-11,BAT,45 RUNS,,LEAGUE,210.0,8,8.0,6,6.0,232,
829713.0,2015-04-11,FIELD,3 WICKETS,,LEAGUE,178.0,8,23.0,17,17.0,624,
829715.0,2015-04-12,FIELD,3 WICKETS,,LEAGUE,185.0,8,10.0,11,11.0,264,
829717.0,2015-04-12,FIELD,18 RUNS,,LEAGUE,178.0,8,28.0,5,13.0,475,
829719.0,2015-04-13,FIELD,8 WICKETS,,LEAGUE,167.0,8,3.0,15,15.0,392,
829721.0,2015-04-14,BAT,7 WICKETS,,LEAGUE,165.0,8,2.0,5,11.0,530,
829725.0,2015-04-15,BAT,5 WICKETS,,LEAGUE,166.0,8,32.0,13,2.0,476,
829727.0,2015-04-16,FIELD,6 WICKETS,,LEAGUE,128.0,8,37.0,11,11.0,490,
829729.0,2015-04-17,BAT,6 WICKETS,,LEAGUE,184.0,8,28.0,5,6.0,64,
829731.0,2015-04-18,BAT,4 RUNS,,LEAGUE,168.0,8,37.0,2,2.0,573,
829733.0,2015-04-18,FIELD,4 WICKETS,,LEAGUE,156.0,8,32.0,9,9.0,116,
829735.0,2015-04-19,BAT,8 WICKETS,,LEAGUE,157.0,8,2.0,6,11.0,490,
829737.0,2015-04-19,FIELD,18 RUNS,,LEAGUE,210.0,8,3.0,17,5.0,293,
829739.0,2015-04-20,FIELD,6 WICKETS,,LEAGUE,147.0,8,10.0,9,9.0,564,
829741.0,2015-04-21,FIELD,,TIE,LEAGUE,192.0,8,2.0,13,,428,13.0
829743.0,2015-04-22,FIELD,16 RUNS,,LEAGUE,118.0,8,37.0,9,15.0,392,
829745.0,2015-04-22,FIELD,27 RUNS,,LEAGUE,182.0,8,3.0,17,6.0,230,
829747.0,2015-04-23,FIELD,37 RUNS,,LEAGUE,191.0,8,10.0,5,2.0,760,
829749.0,2015-04-24,FIELD,9 WICKETS,,LEAGUE,131.0,8,2.0,17,17.0,342,
829751.0,2015-04-25,BAT,20 RUNS,,LEAGUE,158.0,8,28.0,5,5.0,386,
829753.0,2015-04-25,BAT,97 RUNS,,LEAGUE,193.0,8,8.0,6,6.0,232,
829757.0,2015-04-26,FIELD,10 WICKETS,,LEAGUE,96.0,8,10.0,17,17.0,86,
829759.0,2015-04-27,FIELD,20 RUNS,,LEAGUE,151.0,8,7.0,13,15.0,292,
829765.0,2015-04-28,FIELD,2 RUNS,,LEAGUE,135.0,8,8.0,9,6.0,449,
829763.0,2015-04-29,FIELD,,NO RESULT,LEAGUE,,8,3.0,11,,513,
829723.0,2015-04-30,FIELD,7 WICKETS,,LEAGUE,166.0,8,23.0,9,9.0,116,
829767.0,2015-05-01,FIELD,9 WICKETS,,LEAGUE,119.0,8,10.0,2,2.0,249,
829769.0,2015-05-01,FIELD,8 RUNS,,LEAGUE,188.0,8,28.0,11,5.0,268,
829771.0,2015-05-02,FIELD,7 WICKETS,,LEAGUE,112.0,8,3.0,17,17.0,225,
829773.0,2015-05-02,FIELD,22 RUNS,,LEAGUE,193.0,8,16.0,6,15.0,392,
829775.0,2015-05-03,BAT,23 RUNS,,LEAGUE,173.0,8,7.0,5,5.0,694,
829777.0,2015-05-03,FIELD,14 RUNS,,LEAGUE,190.0,8,26.0,2,11.0,490,
829779.0,2015-05-04,BAT,24 RUNS,,LEAGUE,149.0,8,8.0,6,6.0,230,
829781.0,2015-05-04,FIELD,35 RUNS,,LEAGUE,168.0,8,23.0,15,9.0,564,
829783.0,2015-05-05,BAT,5 WICKETS,,LEAGUE,153.0,8,28.0,2,5.0,293,
829785.0,2015-05-06,FIELD,138 RUNS,,LEAGUE,227.0,8,3.0,13,17.0,624,
829761.0,2015-05-07,BAT,13 RUNS,,LEAGUE,172.0,8,23.0,9,9.0,251,
829787.0,2015-05-07,FIELD,7 RUNS,,LEAGUE,202.0,8,26.0,11,15.0,543,
829789.0,2015-05-08,BAT,6 WICKETS,,LEAGUE,159.0,8,8.0,6,5.0,399,
829791.0,2015-05-09,BAT,1 WICKETS,,LEAGUE,184.0,8,23.0,13,9.0,116,
829793.0,2015-05-09,BAT,6 RUNS,,LEAGUE,164.0,8,33.0,15,15.0,269,
829795.0,2015-05-10,BAT,39 RUNS,,LEAGUE,236.0,8,28.0,17,17.0,481,
829797.0,2015-05-10,BAT,12 RUNS,,LEAGUE,158.0,8,8.0,6,6.0,6,
829799.0,2015-05-11,BAT,5 RUNS,,LEAGUE,186.0,8,16.0,15,15.0,392,
829801.0,2015-05-12,BAT,6 WICKETS,,LEAGUE,120.0,8,33.0,6,2.0,129,
829803.0,2015-05-13,FIELD,22 RUNS,,LEAGUE,107.0,8,7.0,17,13.0,656,
829805.0,2015-05-14,FIELD,5 RUNS,,LEAGUE,172.0,8,28.0,9,5.0,399,
829807.0,2015-05-15,BAT,6 WICKETS,,LEAGUE,81.0,8,16.0,15,17.0,151,
829809.0,2015-05-16,BAT,7 WICKETS,,LEAGUE,131.0,8,7.0,13,6.0,245,
829811.0,2015-05-16,BAT,9 RUNS,,LEAGUE,200.0,8,26.0,11,11.0,74,
829813.0,2015-05-17,FIELD,,NO RESULT,LEAGUE,188.0,8,3.0,17,,513,
829815.0,2015-05-17,BAT,9 WICKETS,,LEAGUE,114.0,8,16.0,15,5.0,514,
829817.0,2015-05-19,BAT,25 RUNS,,QUALIFIER 1,188.0,8,28.0,5,5.0,665,
829819.0,2015-05-20,BAT,71 RUNS,,ELIMINATOR,181.0,8,32.0,17,17.0,481,
829821.0,2015-05-22,FIELD,3 WICKETS,,QUALIFIER 2,140.0,8,35.0,6,6.0,64,
829823.0,2015-05-24,FIELD,41 RUNS,,FINAL,203.0,8,23.0,6,5.0,705,
980901.0,2016-04-09,BAT,9 WICKETS,,LEAGUE,122.0,9,28.0,5,3.0,490,
980903.0,2016-04-10,FIELD,9 WICKETS,,LEAGUE,99.0,9,23.0,9,9.0,116,
980905.0,2016-04-11,FIELD,5 WICKETS,,LEAGUE,162.0,9,7.0,14,14.0,221,
980907.0,2016-04-12,FIELD,45 RUNS,,LEAGUE,228.0,9,3.0,15,17.0,481,
980909.0,2016-04-13,FIELD,6 WICKETS,,LEAGUE,188.0,9,23.0,5,5.0,705,
980911.0,2016-04-14,BAT,7 WICKETS,,LEAGUE,164.0,9,34.0,3,14.0,221,
980913.0,2016-04-15,FIELD,8 WICKETS,,LEAGUE,112.0,9,10.0,2,2.0,234,
980915.0,2016-04-16,BAT,8 WICKETS,,LEAGUE,143.0,9,16.0,15,9.0,128,
980917.0,2016-04-16,FIELD,3 WICKETS,,LEAGUE,144.0,9,28.0,14,14.0,221,
980919.0,2016-04-17,BAT,6 WICKETS,,LEAGUE,153.0,9,7.0,3,13.0,579,
980921.0,2016-04-17,FIELD,7 WICKETS,,LEAGUE,192.0,9,3.0,2,2.0,398,
980923.0,2016-04-18,FIELD,7 WICKETS,,LEAGUE,143.0,9,16.0,15,15.0,392,
980925.0,2016-04-19,FIELD,6 WICKETS,,LEAGUE,139.0,9,7.0,9,9.0,302,
980927.0,2016-04-20,FIELD,6 WICKETS,,LEAGUE,171.0,9,28.0,5,5.0,705,
980929.0,2016-04-21,FIELD,10 WICKETS,,LEAGUE,136.0,9,34.0,15,15.0,545,
980931.0,2016-04-22,FIELD,13 RUNS,,LEAGUE,186.0,9,32.0,3,17.0,481,
980933.0,2016-04-23,FIELD,10 RUNS,,LEAGUE,165.0,9,10.0,5,2.0,502,
980935.0,2016-04-23,FIELD,5 WICKETS,,LEAGUE,144.0,9,16.0,15,15.0,772,
980937.0,2016-04-24,BAT,6 WICKETS,,LEAGUE,181.0,9,34.0,17,14.0,151,
980939.0,2016-04-24,FIELD,2 WICKETS,,LEAGUE,161.0,9,32.0,9,9.0,631,
980941.0,2016-04-25,FIELD,25 RUNS,,LEAGUE,190.0,9,7.0,13,5.0,121,
980943.0,2016-04-26,FIELD,34 RUNS,,LEAGUE,61.0,9,16.0,3,3.0,134,
980945.0,2016-04-27,FIELD,1 RUNS,,LEAGUE,173.0,9,10.0,2,14.0,158,
980947.0,2016-04-28,FIELD,6 WICKETS,,LEAGUE,175.0,9,28.0,5,5.0,705,
980949.0,2016-04-29,FIELD,3 WICKETS,,LEAGUE,196.0,9,32.0,14,14.0,634,
980951.0,2016-04-30,FIELD,27 RUNS,,LEAGUE,187.0,9,10.0,9,2.0,205,
980953.0,2016-04-30,FIELD,15 RUNS,,LEAGUE,195.0,9,16.0,17,15.0,392,
980955.0,2016-05-01,FIELD,23 RUNS,,LEAGUE,155.0,9,34.0,14,13.0,656,
980957.0,2016-05-01,FIELD,8 WICKETS,,LEAGUE,160.0,9,32.0,5,5.0,705,
980959.0,2016-05-02,FIELD,5 WICKETS,,LEAGUE,186.0,9,3.0,9,9.0,116,
980961.0,2016-05-03,FIELD,8 WICKETS,,LEAGUE,150.0,9,34.0,2,2.0,267,
980963.0,2016-05-04,FIELD,7 RUNS,,LEAGUE,165.0,9,23.0,13,9.0,116,
980965.0,2016-05-05,FIELD,7 WICKETS,,LEAGUE,163.0,9,10.0,3,3.0,490,
980967.0,2016-05-06,FIELD,5 WICKETS,,LEAGUE,127.0,9,16.0,15,15.0,545,
980969.0,2016-05-07,FIELD,7 WICKETS,,LEAGUE,192.0,9,3.0,17,17.0,151,
980971.0,2016-05-07,FIELD,9 RUNS,,LEAGUE,182.0,9,7.0,2,13.0,644,
980973.0,2016-05-08,FIELD,85 RUNS,,LEAGUE,178.0,9,37.0,5,15.0,64,
980975.0,2016-05-08,FIELD,5 WICKETS,,LEAGUE,159.0,9,23.0,14,14.0,477,
980977.0,2016-05-09,FIELD,1 RUNS,,LEAGUE,176.0,9,7.0,13,17.0,74,
980979.0,2016-05-10,BAT,4 RUNS,,LEAGUE,138.0,9,37.0,15,15.0,243,
980981.0,2016-05-11,FIELD,6 WICKETS,,LEAGUE,152.0,9,3.0,5,5.0,546,
980983.0,2016-05-12,FIELD,7 WICKETS,,LEAGUE,147.0,9,16.0,2,2.0,158,
980985.0,2016-05-13,BAT,7 WICKETS,,LEAGUE,125.0,9,37.0,5,13.0,644,
980987.0,2016-05-14,FIELD,144 RUNS,,LEAGUE,249.0,9,3.0,14,17.0,481,
980989.0,2016-05-14,BAT,8 WICKETS,,LEAGUE,66.0,9,23.0,3,9.0,654,
980991.0,2016-05-15,BAT,7 WICKETS,,LEAGUE,180.0,9,7.0,13,15.0,480,
980993.0,2016-05-15,FIELD,80 RUNS,,LEAGUE,207.0,9,37.0,2,5.0,546,
980995.0,2016-05-16,FIELD,9 WICKETS,,LEAGUE,184.0,9,23.0,17,17.0,151,
980997.0,2016-05-17,FIELD,19 RUNS,,LEAGUE,58.0,9,37.0,3,3.0,134,
980999.0,2016-05-18,FIELD,82 RUNS,,LEAGUE,203.0,9,3.0,13,17.0,151,
981001.0,2016-05-19,FIELD,6 WICKETS,,LEAGUE,125.0,9,20.0,14,14.0,634,
981003.0,2016-05-20,FIELD,6 WICKETS,,LEAGUE,159.0,9,33.0,2,2.0,492,
981005.0,2016-05-21,BAT,4 WICKETS,,LEAGUE,173.0,9,37.0,13,3.0,522,
981007.0,2016-05-21,FIELD,6 WICKETS,,LEAGUE,173.0,9,20.0,14,14.0,230,
981009.0,2016-05-22,FIELD,22 RUNS,,LEAGUE,172.0,9,23.0,15,9.0,654,
981011.0,2016-05-22,FIELD,6 WICKETS,,LEAGUE,139.0,9,33.0,17,17.0,151,
981013.0,2016-05-24,FIELD,4 WICKETS,,QUALIFIER 1,159.0,9,3.0,17,17.0,481,
981015.0,2016-05-25,FIELD,22 RUNS,,ELIMINATION FINAL,163.0,9,10.0,9,15.0,269,
981017.0,2016-05-27,FIELD,4 WICKETS,,QUALIFIER 2,163.0,9,10.0,15,15.0,392,
981019.0,2016-05-29,BAT,8 RUNS,,FINAL,209.0,9,3.0,15,15.0,173,
1082591.0,2017-04-05,FIELD,35 RUNS,,LEAGUE,208.0,10,16.0,17,15.0,111,
1082592.0,2017-04-06,FIELD,7 WICKETS,,LEAGUE,185.0,10,32.0,3,3.0,530,
1082593.0,2017-04-07,FIELD,10 WICKETS,,LEAGUE,184.0,10,34.0,9,9.0,436,
1082594.0,2017-04-08,FIELD,6 WICKETS,,LEAGUE,164.0,10,17.0,13,13.0,63,
1082595.0,2017-04-08,BAT,15 RUNS,,LEAGUE,158.0,10,3.0,17,17.0,23,
1082596.0,2017-04-09,FIELD,9 WICKETS,,LEAGUE,136.0,10,16.0,15,15.0,363,
1082597.0,2017-04-09,FIELD,4 WICKETS,,LEAGUE,179.0,10,28.0,5,5.0,60,
1082598.0,2017-04-10,BAT,8 WICKETS,,LEAGUE,149.0,10,17.0,17,13.0,656,
1082599.0,2017-04-11,FIELD,97 RUNS,,LEAGUE,206.0,10,32.0,3,2.0,502,
1082600.0,2017-04-12,FIELD,4 WICKETS,,LEAGUE,159.0,10,28.0,5,5.0,263,
1082601.0,2017-04-13,FIELD,8 WICKETS,,LEAGUE,171.0,10,23.0,9,9.0,255,
1082602.0,2017-04-14,FIELD,4 WICKETS,,LEAGUE,143.0,10,3.0,5,5.0,665,
1082603.0,2017-04-14,FIELD,7 WICKETS,,LEAGUE,172.0,10,34.0,14,14.0,32,
1082604.0,2017-04-15,FIELD,17 RUNS,,LEAGUE,173.0,10,23.0,15,9.0,302,
1082605.0,2017-04-15,BAT,51 RUNS,,LEAGUE,189.0,10,10.0,2,2.0,229,
1082606.0,2017-04-16,FIELD,6 WICKETS,,LEAGUE,177.0,10,28.0,5,5.0,60,
1082607.0,2017-04-16,FIELD,27 RUNS,,LEAGUE,162.0,10,3.0,17,3.0,78,
1082608.0,2017-04-17,BAT,4 WICKETS,,LEAGUE,169.0,10,10.0,2,9.0,249,
1082609.0,2017-04-17,FIELD,5 RUNS,,LEAGUE,160.0,10,16.0,13,15.0,545,
1082610.0,2017-04-18,FIELD,21 RUNS,,LEAGUE,214.0,10,34.0,14,17.0,624,
1082611.0,2017-04-19,BAT,15 RUNS,,LEAGUE,192.0,10,16.0,15,15.0,614,
1082612.0,2017-04-20,FIELD,8 WICKETS,,LEAGUE,199.0,10,17.0,5,5.0,537,
1082613.0,2017-04-21,FIELD,4 WICKETS,,LEAGUE,188.0,10,23.0,14,14.0,230,
1082614.0,2017-04-22,FIELD,14 RUNS,,LEAGUE,143.0,10,28.0,2,5.0,514,
1082615.0,2017-04-22,FIELD,6 WICKETS,,LEAGUE,177.0,10,32.0,3,3.0,522,
1082616.0,2017-04-23,FIELD,26 RUNS,,LEAGUE,189.0,10,34.0,14,13.0,480,
1082617.0,2017-04-23,FIELD,82 RUNS,,LEAGUE,132.0,10,23.0,17,9.0,249,
1082618.0,2017-04-24,FIELD,3 RUNS,,LEAGUE,161.0,10,28.0,5,3.0,78,
1082620.0,2017-04-26,FIELD,7 WICKETS,,LEAGUE,183.0,10,32.0,9,9.0,302,
1082621.0,2017-04-27,FIELD,7 WICKETS,,LEAGUE,135.0,10,3.0,14,14.0,32,
1082622.0,2017-04-28,FIELD,7 WICKETS,,LEAGUE,161.0,10,23.0,9,9.0,128,
1082623.0,2017-04-28,FIELD,26 RUNS,,LEAGUE,208.0,10,7.0,13,15.0,363,
1082624.0,2017-04-29,FIELD,61 RUNS,,LEAGUE,158.0,10,32.0,17,3.0,494,
1082625.0,2017-04-29,BAT,,TIE,LEAGUE,154.0,10,34.0,14,,546,5.0
1082626.0,2017-04-30,FIELD,10 WICKETS,,LEAGUE,68.0,10,7.0,13,13.0,371,
1082627.0,2017-04-30,FIELD,48 RUNS,,LEAGUE,210.0,10,16.0,9,15.0,392,
1082628.0,2017-05-01,BAT,5 WICKETS,,LEAGUE,163.0,10,28.0,17,5.0,705,
1082629.0,2017-05-01,FIELD,5 WICKETS,,LEAGUE,162.0,10,32.0,3,3.0,78,
1082630.0,2017-05-02,FIELD,6 WICKETS,,LEAGUE,186.0,10,10.0,2,2.0,148,
1082631.0,2017-05-03,FIELD,4 WICKETS,,LEAGUE,156.0,10,23.0,3,3.0,141,
1082632.0,2017-05-04,FIELD,7 WICKETS,,LEAGUE,209.0,10,10.0,2,2.0,267,
1082633.0,2017-05-05,FIELD,19 RUNS,,LEAGUE,139.0,10,3.0,17,13.0,371,
1082634.0,2017-05-06,FIELD,12 RUNS,,LEAGUE,149.0,10,16.0,15,3.0,58,
1082635.0,2017-05-06,FIELD,146 RUNS,,LEAGUE,213.0,10,10.0,2,5.0,694,
1082636.0,2017-05-07,FIELD,6 WICKETS,,LEAGUE,159.0,10,3.0,9,9.0,255,
1082637.0,2017-05-07,FIELD,6 WICKETS,,LEAGUE,190.0,10,7.0,14,14.0,634,
1082638.0,2017-05-08,BAT,7 WICKETS,,LEAGUE,139.0,10,16.0,5,15.0,504,
1082639.0,2017-05-09,FIELD,14 RUNS,,LEAGUE,168.0,10,7.0,9,13.0,178,
1082640.0,2017-05-10,FIELD,2 WICKETS,,LEAGUE,196.0,10,20.0,2,2.0,760,
1082641.0,2017-05-11,FIELD,7 RUNS,,LEAGUE,231.0,10,28.0,5,13.0,465,
1082642.0,2017-05-12,BAT,7 RUNS,,LEAGUE,169.0,10,10.0,2,2.0,492,
1082643.0,2017-05-13,FIELD,8 WICKETS,,LEAGUE,155.0,10,20.0,15,15.0,38,
1082644.0,2017-05-13,FIELD,9 RUNS,,LEAGUE,174.0,10,23.0,9,5.0,268,
1082645.0,2017-05-14,FIELD,9 WICKETS,,LEAGUE,74.0,10,32.0,3,3.0,58,
1082646.0,2017-05-14,BAT,10 RUNS,,LEAGUE,162.0,10,10.0,17,17.0,224,
1082647.0,2017-05-16,FIELD,20 RUNS,,QUALIFIER 1,163.0,10,28.0,5,3.0,638,
1082648.0,2017-05-17,FIELD,7 WICKETS,,ELIMINATOR,48.0,10,3.0,9,9.0,249,
1082649.0,2017-05-19,FIELD,6 WICKETS,,QUALIFIER 2,108.0,10,3.0,5,5.0,485,
1082650.0,2017-05-21,BAT,1 RUNS,,FINAL,130.0,10,16.0,5,5.0,546,
1136561.0,2018-04-07,FIELD,1 WICKETS,,LEAGUE,166.0,11,28.0,6,6.0,449,
1136562.0,2018-04-08,FIELD,6 WICKETS,,LEAGUE,167.0,11,7.0,13,13.0,370,
1136563.0,2018-04-08,FIELD,4 WICKETS,,LEAGUE,177.0,11,23.0,9,9.0,255,
1136564.0,2018-04-09,FIELD,9 WICKETS,,LEAGUE,126.0,11,16.0,15,15.0,504,
1136565.0,2018-04-10,FIELD,5 WICKETS,,LEAGUE,203.0,11,8.0,6,6.0,535,
1136566.0,2018-04-11,FIELD,10 RUNS,,LEAGUE,71.0,11,18.0,2,11.0,502,
1136567.0,2018-04-12,FIELD,1 WICKETS,,LEAGUE,148.0,11,16.0,15,15.0,363,
1136568.0,2018-04-13,FIELD,4 WICKETS,,LEAGUE,156.0,11,3.0,17,17.0,564,
1136569.0,2018-04-14,FIELD,7 WICKETS,,LEAGUE,195.0,11,28.0,2,2.0,452,
1136570.0,2018-04-14,FIELD,5 WICKETS,,LEAGUE,139.0,11,23.0,15,15.0,524,
1136571.0,2018-04-15,FIELD,19 RUNS,,LEAGUE,218.0,11,3.0,17,11.0,502,
1136572.0,2018-04-15,FIELD,4 RUNS,,LEAGUE,198.0,11,7.0,6,13.0,624,
1136573.0,2018-04-16,FIELD,71 RUNS,,LEAGUE,201.0,11,23.0,2,9.0,60,
1136574.0,2018-04-17,FIELD,46 RUNS,,LEAGUE,214.0,11,28.0,17,5.0,705,
1136575.0,2018-04-18,FIELD,7 WICKETS,,LEAGUE,161.0,11,18.0,9,9.0,60,
1136576.0,2018-04-19,BAT,15 RUNS,,LEAGUE,194.0,11,7.0,13,13.0,624,
1136577.0,2018-04-20,FIELD,64 RUNS,,LEAGUE,205.0,11,32.0,11,6.0,74,
1136578.0,2018-04-21,FIELD,9 WICKETS,,LEAGUE,125.0,11,23.0,13,13.0,370,
1136579.0,2018-04-21,FIELD,6 WICKETS,,LEAGUE,175.0,11,3.0,17,17.0,481,
1136580.0,2018-04-22,FIELD,4 RUNS,,LEAGUE,183.0,11,16.0,15,6.0,268,
1136581.0,2018-04-22,BAT,3 WICKETS,,LEAGUE,168.0,11,18.0,5,11.0,493,
1136582.0,2018-04-23,FIELD,4 RUNS,,LEAGUE,144.0,11,10.0,2,13.0,466,
1136583.0,2018-04-24,FIELD,31 RUNS,,LEAGUE,119.0,11,28.0,5,15.0,363,
1136584.0,2018-04-25,FIELD,5 WICKETS,,LEAGUE,206.0,11,3.0,6,6.0,522,
1136585.0,2018-04-26,FIELD,13 RUNS,,LEAGUE,133.0,11,16.0,13,15.0,466,
1136586.0,2018-04-27,FIELD,55 RUNS,,LEAGUE,220.0,11,10.0,9,2.0,760,
1136587.0,2018-04-28,FIELD,8 WICKETS,,LEAGUE,170.0,11,32.0,5,5.0,705,
1136588.0,2018-04-29,BAT,11 RUNS,,LEAGUE,152.0,11,18.0,15,15.0,614,
1136589.0,2018-04-29,FIELD,6 WICKETS,,LEAGUE,176.0,11,3.0,9,9.0,436,
1136590.0,2018-04-30,FIELD,13 RUNS,,LEAGUE,212.0,11,32.0,2,6.0,74,
1136591.0,2018-05-01,FIELD,14 RUNS,,LEAGUE,168.0,11,3.0,5,17.0,439,
1136592.0,2018-05-02,FIELD,4 RUNS,,LEAGUE,151.0,11,10.0,11,2.0,267,
1136593.0,2018-05-03,FIELD,6 WICKETS,,LEAGUE,178.0,11,23.0,9,9.0,255,
1136594.0,2018-05-04,FIELD,6 WICKETS,,LEAGUE,175.0,11,17.0,5,5.0,631,
1136595.0,2018-05-05,FIELD,6 WICKETS,,LEAGUE,128.0,11,32.0,6,6.0,6,
1136596.0,2018-05-05,BAT,7 WICKETS,,LEAGUE,164.0,11,16.0,2,15.0,363,
1136597.0,2018-05-06,FIELD,13 RUNS,,LEAGUE,182.0,11,28.0,9,5.0,399,
1136598.0,2018-05-06,FIELD,6 WICKETS,,LEAGUE,153.0,11,17.0,13,13.0,483,
1136599.0,2018-05-07,FIELD,5 RUNS,,LEAGUE,147.0,11,16.0,17,15.0,614,
1136600.0,2018-05-08,BAT,15 RUNS,,LEAGUE,159.0,11,18.0,11,11.0,537,
1136601.0,2018-05-09,FIELD,102 RUNS,,LEAGUE,211.0,11,23.0,9,5.0,35,
1136602.0,2018-05-10,BAT,9 WICKETS,,LEAGUE,188.0,11,10.0,2,15.0,504,
1136603.0,2018-05-11,BAT,4 WICKETS,,LEAGUE,177.0,11,18.0,6,11.0,537,
1136604.0,2018-05-12,FIELD,31 RUNS,,LEAGUE,246.0,11,17.0,13,9.0,255,
1136605.0,2018-05-12,FIELD,5 WICKETS,,LEAGUE,182.0,11,10.0,17,17.0,481,
1136606.0,2018-05-13,FIELD,8 WICKETS,,LEAGUE,180.0,11,32.0,6,6.0,268,
1136607.0,2018-05-13,FIELD,7 WICKETS,,LEAGUE,169.0,11,28.0,11,11.0,537,
1136608.0,2018-05-14,FIELD,10 WICKETS,,LEAGUE,89.0,11,17.0,17,17.0,564,
1136609.0,2018-05-15,FIELD,6 WICKETS,,LEAGUE,143.0,11,23.0,9,9.0,472,
1136610.0,2018-05-16,FIELD,3 RUNS,,LEAGUE,187.0,11,28.0,13,5.0,263,
1136611.0,2018-05-17,FIELD,14 RUNS,,LEAGUE,219.0,11,3.0,15,17.0,481,
1136612.0,2018-05-18,FIELD,34 RUNS,,LEAGUE,163.0,11,10.0,6,2.0,224,
1136613.0,2018-05-19,BAT,30 RUNS,,LEAGUE,165.0,11,18.0,11,11.0,462,
1136614.0,2018-05-19,BAT,5 WICKETS,,LEAGUE,173.0,11,16.0,15,9.0,436,
1136615.0,2018-05-20,BAT,11 RUNS,,LEAGUE,175.0,11,10.0,2,2.0,234,
1136616.0,2018-05-20,FIELD,5 WICKETS,,LEAGUE,154.0,11,32.0,6,6.0,721,
1136617.0,2018-05-22,FIELD,2 WICKETS,,QUALIFIER 1,140.0,11,28.0,6,6.0,415,
1136618.0,2018-05-23,FIELD,25 RUNS,,ELIMINATOR,170.0,11,23.0,11,9.0,116,
1136619.0,2018-05-25,FIELD,14 RUNS,,QUALIFIER 2,175.0,11,23.0,9,15.0,363,
1136620.0,2018-05-27,FIELD,8 WICKETS,,FINAL,179.0,11,28.0,6,6.0,74,
1175356.0,2019-03-23,FIELD,7 WICKETS,,LEAGUE,71.0,12,8.0,6,6.0,293,
1175357.0,2019-03-24,FIELD,6 WICKETS,,LEAGUE,182.0,12,23.0,9,9.0,116,
1175358.0,2019-03-24,FIELD,37 RUNS,,LEAGUE,214.0,12,28.0,5,10.0,267,
1175359.0,2019-03-25,FIELD,14 RUNS,,LEAGUE,185.0,12,18.0,11,13.0,624,
1175360.0,2019-03-26,BAT,6 WICKETS,,LEAGUE,148.0,12,10.0,10,6.0,74,
1175361.0,2019-03-27,FIELD,28 RUNS,,LEAGUE,219.0,12,23.0,13,9.0,116,
1175362.0,2019-03-28,FIELD,6 RUNS,,LEAGUE,188.0,12,3.0,17,5.0,263,
1175363.0,2019-03-29,BAT,5 WICKETS,,LEAGUE,199.0,12,16.0,11,15.0,363,
1175364.0,2019-03-30,FIELD,8 WICKETS,,LEAGUE,177.0,12,7.0,13,13.0,476,
1175365.0,2019-03-30,FIELD,,TIE,LEAGUE,186.0,12,10.0,10,,501,10.0
1175366.0,2019-03-31,FIELD,118 RUNS,,LEAGUE,232.0,12,16.0,17,15.0,358,
1175367.0,2019-03-31,FIELD,8 RUNS,,LEAGUE,176.0,12,8.0,11,6.0,522,
1175368.0,2019-04-01,FIELD,14 RUNS,,LEAGUE,167.0,12,7.0,10,13.0,106,
1175369.0,2019-04-02,FIELD,7 WICKETS,,LEAGUE,159.0,12,18.0,11,11.0,462,
1175370.0,2019-04-03,FIELD,37 RUNS,,LEAGUE,171.0,12,28.0,6,5.0,399,
1175371.0,2019-04-04,FIELD,5 WICKETS,,LEAGUE,130.0,12,10.0,15,15.0,358,
1175372.0,2019-04-05,FIELD,5 WICKETS,,LEAGUE,206.0,12,3.0,9,9.0,116,
1178393.0,2019-04-06,BAT,22 RUNS,,LEAGUE,161.0,12,8.0,6,6.0,293,
1178394.0,2019-04-06,FIELD,40 RUNS,,LEAGUE,137.0,12,16.0,15,5.0,172,
1178395.0,2019-04-07,FIELD,4 WICKETS,,LEAGUE,150.0,12,3.0,10,10.0,685,
1178396.0,2019-04-07,FIELD,8 WICKETS,,LEAGUE,140.0,12,18.0,9,9.0,527,
1178397.0,2019-04-08,FIELD,6 WICKETS,,LEAGUE,151.0,12,7.0,13,13.0,370,
1178398.0,2019-04-09,FIELD,7 WICKETS,,LEAGUE,109.0,12,8.0,6,6.0,217,
1178399.0,2019-04-10,FIELD,3 WICKETS,,LEAGUE,198.0,12,28.0,5,5.0,665,
1178400.0,2019-04-11,FIELD,4 WICKETS,,LEAGUE,152.0,12,18.0,6,6.0,522,
1178401.0,2019-04-12,FIELD,7 WICKETS,,LEAGUE,179.0,12,23.0,10,10.0,504,
1178402.0,2019-04-13,FIELD,4 WICKETS,,LEAGUE,188.0,12,28.0,11,11.0,537,
1178403.0,2019-04-13,FIELD,8 WICKETS,,LEAGUE,174.0,12,7.0,17,17.0,481,
1178404.0,2019-04-14,FIELD,5 WICKETS,,LEAGUE,162.0,12,23.0,6,6.0,235,
1178405.0,2019-04-14,FIELD,39 RUNS,,LEAGUE,156.0,12,16.0,15,10.0,658,
1178406.0,2019-04-15,FIELD,5 WICKETS,,LEAGUE,172.0,12,28.0,5,5.0,386,
1178407.0,2019-04-16,FIELD,12 RUNS,,LEAGUE,183.0,12,7.0,11,13.0,137,
1178408.0,2019-04-17,BAT,6 WICKETS,,LEAGUE,133.0,12,16.0,6,15.0,392,
1178409.0,2019-04-18,BAT,40 RUNS,,LEAGUE,169.0,12,10.0,5,5.0,399,
1178410.0,2019-04-19,FIELD,10 RUNS,,LEAGUE,214.0,12,23.0,9,17.0,151,
1178411.0,2019-04-20,FIELD,5 WICKETS,,LEAGUE,162.0,12,18.0,11,11.0,530,
1178412.0,2019-04-20,FIELD,5 WICKETS,,LEAGUE,164.0,12,10.0,10,10.0,760,
1178413.0,2019-04-21,FIELD,9 WICKETS,,LEAGUE,160.0,12,16.0,15,15.0,71,
1178414.0,2019-04-21,FIELD,1 RUNS,,LEAGUE,162.0,12,3.0,6,17.0,121,
1178415.0,2019-04-22,FIELD,6 WICKETS,,LEAGUE,192.0,12,18.0,10,10.0,267,
1178416.0,2019-04-23,FIELD,6 WICKETS,,LEAGUE,176.0,12,8.0,6,6.0,74,
1178417.0,2019-04-24,FIELD,17 RUNS,,LEAGUE,203.0,12,3.0,13,17.0,481,
1178418.0,2019-04-25,FIELD,3 WICKETS,,LEAGUE,176.0,12,23.0,11,11.0,86,
1178419.0,2019-04-26,FIELD,46 RUNS,,LEAGUE,156.0,12,8.0,6,5.0,705,
1178420.0,2019-04-27,FIELD,7 WICKETS,,LEAGUE,161.0,12,18.0,11,11.0,58,
1178421.0,2019-04-28,BAT,16 RUNS,,LEAGUE,188.0,12,10.0,10,10.0,504,
1178422.0,2019-04-28,FIELD,34 RUNS,,LEAGUE,233.0,12,23.0,5,9.0,116,
1178423.0,2019-04-29,FIELD,45 RUNS,,LEAGUE,213.0,12,16.0,13,15.0,392,
1178424.0,2019-04-30,FIELD,,NO RESULT,LEAGUE,63.0,12,3.0,11,,513,
1178425.0,2019-05-01,FIELD,80 RUNS,,LEAGUE,180.0,12,8.0,10,6.0,522,
1178426.0,2019-05-02,BAT,,TIE,LEAGUE,163.0,12,28.0,5,,263,5.0
1178427.0,2019-05-03,FIELD,7 WICKETS,,LEAGUE,184.0,12,7.0,9,9.0,49,
1178428.0,2019-05-04,BAT,5 WICKETS,,LEAGUE,116.0,12,10.0,11,10.0,234,
1178429.0,2019-05-04,FIELD,4 WICKETS,,LEAGUE,176.0,12,3.0,17,17.0,165,
1178430.0,2019-05-05,FIELD,6 WICKETS,,LEAGUE,171.0,12,7.0,13,13.0,370,
1178431.0,2019-05-05,FIELD,9 WICKETS,,LEAGUE,134.0,12,28.0,5,5.0,399,
1181764.0,2019-05-07,BAT,6 WICKETS,,QUALIFIER 1,132.0,12,8.0,6,5.0,631,
1181766.0,2019-05-08,FIELD,2 WICKETS,,ELIMINATOR,163.0,12,37.0,10,10.0,267,
1181767.0,2019-05-10,FIELD,6 WICKETS,,QUALIFIER 2,148.0,12,37.0,6,6.0,415,
1181768.0,2019-05-12,BAT,1 RUNS,,FINAL,150.0,12,16.0,5,5.0,263,
1216492.0,2020-09-19,FIELD,5 WICKETS,,LEAGUE,163.0,13,1.0,6,6.0,268,
1216493.0,2020-09-20,FIELD,,TIE,LEAGUE,158.0,13,12.0,13,,644,10.0
1216534.0,2020-09-21,FIELD,10 RUNS,,LEAGUE,164.0,13,12.0,15,17.0,179,
1216496.0,2020-09-22,FIELD,16 RUNS,,LEAGUE,217.0,13,36.0,6,11.0,502,
1216508.0,2020-09-23,FIELD,49 RUNS,,LEAGUE,196.0,13,1.0,9,5.0,705,
1216510.0,2020-09-24,FIELD,97 RUNS,,LEAGUE,207.0,13,12.0,17,13.0,370,
1216539.0,2020-09-25,FIELD,44 RUNS,,LEAGUE,176.0,13,12.0,6,10.0,501,
1216545.0,2020-09-26,BAT,7 WICKETS,,LEAGUE,143.0,13,1.0,15,9.0,49,
1216527.0,2020-09-27,FIELD,4 WICKETS,,LEAGUE,224.0,13,36.0,11,11.0,502,
1216547.0,2020-09-28,FIELD,,TIE,LEAGUE,202.0,13,12.0,5,,481,17.0
1216532.0,2020-09-29,FIELD,15 RUNS,,LEAGUE,163.0,13,1.0,10,15.0,363,
1216504.0,2020-09-30,FIELD,37 RUNS,,LEAGUE,175.0,13,12.0,11,9.0,696,
1216503.0,2020-10-01,FIELD,48 RUNS,,LEAGUE,192.0,13,1.0,13,5.0,665,
1216516.0,2020-10-02,BAT,7 RUNS,,LEAGUE,165.0,13,12.0,15,15.0,746,
1216514.0,2020-10-03,BAT,8 WICKETS,,LEAGUE,155.0,13,1.0,11,17.0,179,
1216515.0,2020-10-03,FIELD,18 RUNS,,LEAGUE,229.0,13,36.0,9,10.0,760,
1216513.0,2020-10-04,BAT,10 WICKETS,,LEAGUE,179.0,13,12.0,13,6.0,74,
1216538.0,2020-10-04,BAT,34 RUNS,,LEAGUE,209.0,13,36.0,5,5.0,292,
1216519.0,2020-10-05,FIELD,59 RUNS,,LEAGUE,197.0,13,12.0,17,10.0,656,
1216511.0,2020-10-06,BAT,57 RUNS,,LEAGUE,194.0,13,1.0,5,5.0,631,
1216501.0,2020-10-07,BAT,10 RUNS,,LEAGUE,168.0,13,1.0,9,9.0,141,
1216542.0,2020-10-08,BAT,69 RUNS,,LEAGUE,202.0,13,12.0,15,15.0,358,
1216500.0,2020-10-09,FIELD,46 RUNS,,LEAGUE,185.0,13,36.0,11,10.0,137,
1216523.0,2020-10-10,BAT,2 RUNS,,LEAGUE,165.0,13,1.0,9,9.0,170,
1216525.0,2020-10-10,BAT,37 RUNS,,LEAGUE,170.0,13,12.0,17,17.0,151,
1216507.0,2020-10-11,BAT,5 WICKETS,,LEAGUE,159.0,13,12.0,15,11.0,679,
1216529.0,2020-10-11,BAT,5 WICKETS,,LEAGUE,163.0,13,1.0,10,5.0,398,
1216540.0,2020-10-12,BAT,82 RUNS,,LEAGUE,195.0,13,36.0,17,17.0,481,
1216528.0,2020-10-13,BAT,20 RUNS,,LEAGUE,168.0,13,12.0,6,6.0,6,
1216543.0,2020-10-14,BAT,13 RUNS,,LEAGUE,162.0,13,12.0,10,10.0,744,
1216531.0,2020-10-15,BAT,8 WICKETS,,LEAGUE,172.0,13,36.0,17,13.0,370,
1216526.0,2020-10-16,BAT,8 WICKETS,,LEAGUE,149.0,13,1.0,9,5.0,398,
1216509.0,2020-10-17,BAT,5 WICKETS,,LEAGUE,180.0,13,36.0,6,10.0,504,
1216522.0,2020-10-17,BAT,7 WICKETS,,LEAGUE,178.0,13,12.0,11,17.0,481,
1216512.0,2020-10-18,FIELD,,TIE,LEAGUE,164.0,13,1.0,15,,494,9.0
1216517.0,2020-10-18,BAT,,TIE,LEAGUE,177.0,13,12.0,5,,370,13.0
1216533.0,2020-10-19,BAT,7 WICKETS,,LEAGUE,126.0,13,1.0,6,11.0,537,
1216546.0,2020-10-20,BAT,5 WICKETS,,LEAGUE,165.0,13,12.0,10,13.0,504,
1216494.0,2020-10-21,BAT,8 WICKETS,,LEAGUE,85.0,13,1.0,9,17.0,38,
1216518.0,2020-10-22,FIELD,8 WICKETS,,LEAGUE,155.0,13,12.0,15,15.0,554,
1216521.0,2020-10-23,FIELD,10 WICKETS,,LEAGUE,115.0,13,36.0,5,5.0,292,
1216497.0,2020-10-24,FIELD,59 RUNS,,LEAGUE,195.0,13,1.0,10,9.0,312,
1216498.0,2020-10-24,FIELD,12 RUNS,,LEAGUE,127.0,13,12.0,15,13.0,482,
1216541.0,2020-10-25,BAT,8 WICKETS,,LEAGUE,196.0,13,1.0,5,11.0,78,
1216544.0,2020-10-25,BAT,8 WICKETS,,LEAGUE,146.0,13,12.0,17,6.0,632,
1216520.0,2020-10-26,FIELD,8 WICKETS,,LEAGUE,150.0,13,36.0,13,13.0,624,
1216524.0,2020-10-27,FIELD,88 RUNS,,LEAGUE,220.0,13,12.0,10,15.0,465,
1216499.0,2020-10-28,FIELD,5 WICKETS,,LEAGUE,165.0,13,1.0,5,5.0,631,
1216536.0,2020-10-29,FIELD,6 WICKETS,,LEAGUE,173.0,13,12.0,6,6.0,632,
1216537.0,2020-10-30,FIELD,7 WICKETS,,LEAGUE,186.0,13,1.0,11,11.0,78,
1216502.0,2020-10-31,FIELD,5 WICKETS,,LEAGUE,121.0,13,36.0,15,15.0,371,
1216535.0,2020-10-31,FIELD,9 WICKETS,,LEAGUE,111.0,13,12.0,5,5.0,35,
1216506.0,2020-11-01,FIELD,9 WICKETS,,LEAGUE,154.0,13,1.0,6,6.0,632,
1216530.0,2020-11-01,FIELD,60 RUNS,,LEAGUE,192.0,13,12.0,11,9.0,777,
1216505.0,2020-11-02,FIELD,6 WICKETS,,LEAGUE,153.0,13,1.0,10,10.0,744,
1216495.0,2020-11-03,FIELD,10 WICKETS,,LEAGUE,150.0,13,36.0,15,15.0,451,
1237177.0,2020-11-05,FIELD,57 RUNS,,QUALIFIER 1,201.0,13,12.0,10,5.0,263,
1237178.0,2020-11-06,FIELD,6 WICKETS,,ELIMINATOR,132.0,13,1.0,15,15.0,614,
1237180.0,2020-11-08,BAT,17 RUNS,,QUALIFIER 2,190.0,13,1.0,10,10.0,644,
1237181.0,2020-11-10,BAT,5 WICKETS,,FINAL,157.0,13,12.0,10,5.0,292,
1254058.0,2021-04-09,FIELD,2 WICKETS,,LEAGUE,160.0,14,8.0,17,17.0,224,
1254059.0,2021-04-10,FIELD,7 WICKETS,,LEAGUE,189.0,14,28.0,10,10.0,504,
1254060.0,2021-04-11,FIELD,10 RUNS,,LEAGUE,188.0,14,8.0,15,9.0,60,
1254061.0,2021-04-12,FIELD,4 RUNS,,LEAGUE,222.0,14,28.0,11,12.0,502,
1254062.0,2021-04-13,FIELD,10 RUNS,,LEAGUE,153.0,14,8.0,9,5.0,162,
1254063.0,2021-04-14,FIELD,6 RUNS,,LEAGUE,150.0,14,8.0,15,17.0,63,
1254064.0,2021-04-15,FIELD,3 WICKETS,,LEAGUE,148.0,14,28.0,11,11.0,58,
1254065.0,2021-04-16,FIELD,6 WICKETS,,LEAGUE,107.0,14,28.0,6,6.0,217,
1254066.0,2021-04-17,BAT,13 RUNS,,LEAGUE,151.0,14,8.0,5,5.0,665,
1254067.0,2021-04-18,BAT,38 RUNS,,LEAGUE,205.0,14,8.0,17,17.0,481,
1254068.0,2021-04-18,FIELD,6 WICKETS,,LEAGUE,196.0,14,28.0,10,10.0,504,
1254069.0,2021-04-19,FIELD,45 RUNS,,LEAGUE,189.0,14,28.0,11,6.0,327,
1254070.0,2021-04-20,BAT,6 WICKETS,,LEAGUE,138.0,14,8.0,5,10.0,234,
1254071.0,2021-04-21,BAT,9 WICKETS,,LEAGUE,121.0,14,8.0,12,15.0,358,
1254072.0,2021-04-21,FIELD,18 RUNS,,LEAGUE,221.0,14,28.0,9,6.0,415,
1254073.0,2021-04-22,FIELD,10 WICKETS,,LEAGUE,178.0,14,28.0,17,17.0,194,
1254074.0,2021-04-23,FIELD,9 WICKETS,,LEAGUE,132.0,14,8.0,12,12.0,370,
1254075.0,2021-04-24,FIELD,6 WICKETS,,LEAGUE,134.0,14,28.0,11,11.0,158,
1254076.0,2021-04-25,BAT,69 RUNS,,LEAGUE,192.0,14,28.0,6,6.0,6,
1254077.0,2021-04-25,BAT,,TIE,LEAGUE,160.0,14,8.0,10,,501,10.0
1254078.0,2021-04-26,FIELD,5 WICKETS,,LEAGUE,124.0,14,2.0,9,9.0,543,
1254079.0,2021-04-27,FIELD,1 RUNS,,LEAGUE,172.0,14,2.0,10,17.0,481,
1254080.0,2021-04-28,BAT,7 WICKETS,,LEAGUE,172.0,14,10.0,15,6.0,632,
1254081.0,2021-04-29,FIELD,7 WICKETS,,LEAGUE,172.0,14,10.0,5,5.0,398,
1254082.0,2021-04-29,FIELD,7 WICKETS,,LEAGUE,155.0,14,2.0,10,10.0,501,
1254083.0,2021-04-30,FIELD,34 RUNS,,LEAGUE,180.0,14,2.0,17,12.0,52,
1254084.0,2021-05-01,FIELD,4 WICKETS,,LEAGUE,219.0,14,10.0,5,5.0,665,
1254085.0,2021-05-02,FIELD,55 RUNS,,LEAGUE,221.0,14,10.0,15,11.0,537,
1254086.0,2021-05-02,FIELD,7 WICKETS,,LEAGUE,167.0,14,2.0,10,10.0,476,
1254104.0,2021-09-19,BAT,20 RUNS,,LEAGUE,157.0,14,12.0,6,6.0,632,
1254087.0,2021-09-20,BAT,9 WICKETS,,LEAGUE,93.0,14,1.0,17,9.0,312,
1254111.0,2021-09-21,FIELD,2 RUNS,,LEAGUE,186.0,14,12.0,12,11.0,516,
1254105.0,2021-09-22,BAT,8 WICKETS,,LEAGUE,135.0,14,12.0,15,10.0,744,
1254096.0,2021-09-23,FIELD,7 WICKETS,,LEAGUE,156.0,14,1.0,9,9.0,255,
1254113.0,2021-09-24,FIELD,6 WICKETS,,LEAGUE,157.0,14,36.0,6,6.0,449,
1254097.0,2021-09-25,FIELD,33 RUNS,,LEAGUE,155.0,14,1.0,11,10.0,760,
1254107.0,2021-09-25,FIELD,5 RUNS,,LEAGUE,126.0,14,36.0,15,12.0,755,
1254098.0,2021-09-26,BAT,2 WICKETS,,LEAGUE,172.0,14,1.0,9,6.0,6,
1254108.0,2021-09-26,FIELD,54 RUNS,,LEAGUE,166.0,14,12.0,5,17.0,63,
1254100.0,2021-09-27,BAT,7 WICKETS,,LEAGUE,165.0,14,12.0,11,15.0,452,
1254092.0,2021-09-28,FIELD,3 WICKETS,,LEAGUE,128.0,14,36.0,9,9.0,255,
1254099.0,2021-09-28,FIELD,6 WICKETS,,LEAGUE,136.0,14,1.0,5,5.0,665,
1254103.0,2021-09-29,FIELD,7 WICKETS,,LEAGUE,150.0,14,12.0,17,17.0,179,
1254091.0,2021-09-30,FIELD,6 WICKETS,,LEAGUE,135.0,14,36.0,6,6.0,427,
1254102.0,2021-10-01,FIELD,5 WICKETS,,LEAGUE,166.0,14,12.0,12,12.0,370,
1254089.0,2021-10-02,FIELD,7 WICKETS,,LEAGUE,190.0,14,1.0,11,11.0,632,
1254112.0,2021-10-02,FIELD,4 WICKETS,,LEAGUE,130.0,14,36.0,10,10.0,656,
1254090.0,2021-10-03,BAT,6 RUNS,,LEAGUE,165.0,14,36.0,17,17.0,63,
1254109.0,2021-10-03,BAT,6 WICKETS,,LEAGUE,116.0,14,12.0,15,9.0,49,
1254110.0,2021-10-04,FIELD,3 WICKETS,,LEAGUE,137.0,14,12.0,10,10.0,656,
1254093.0,2021-10-05,FIELD,8 WICKETS,,LEAGUE,91.0,14,36.0,5,5.0,249,
1254095.0,2021-10-06,FIELD,4 RUNS,,LEAGUE,142.0,14,1.0,17,15.0,614,
1254094.0,2021-10-07,FIELD,6 WICKETS,,LEAGUE,135.0,14,12.0,12,12.0,370,
1254106.0,2021-10-07,FIELD,86 RUNS,,LEAGUE,172.0,14,36.0,11,9.0,696,
1254088.0,2021-10-08,BAT,42 RUNS,,LEAGUE,236.0,14,1.0,5,5.0,35,
1254101.0,2021-10-08,FIELD,7 WICKETS,,LEAGUE,165.0,14,12.0,17,17.0,469,
1254114.0,2021-10-10,FIELD,4 WICKETS,,QUALIFIER 1,173.0,14,12.0,6,6.0,632,
1254115.0,2021-10-11,BAT,4 WICKETS,,ELIMINATOR,139.0,14,36.0,17,9.0,255,
1254116.0,2021-10-13,FIELD,3 WICKETS,,QUALIFIER 2,136.0,14,36.0,9,9.0,454,
1254117.0,2021-10-15,FIELD,27 RUNS,,FINAL,193.0,14,12.0,9,6.0,415,
1304047.0,2022-03-26,FIELD,6 WICKETS,,LEAGUE,132.0,15,28.0,9,9.0,564,
1304048.0,2022-03-27,FIELD,4 WICKETS,,LEAGUE,178.0,15,26.0,10,10.0,472,
1304049.0,2022-03-27,FIELD,5 WICKETS,,LEAGUE,206.0,15,27.0,12,12.0,683,
1304050.0,2022-03-28,FIELD,5 WICKETS,,LEAGUE,159.0,15,28.0,1,1.0,148,
1304051.0,2022-03-29,FIELD,61 RUNS,,LEAGUE,211.0,15,32.0,15,11.0,502,
1304052.0,2022-03-30,FIELD,3 WICKETS,,LEAGUE,129.0,15,27.0,17,17.0,360,
1304053.0,2022-03-31,FIELD,6 WICKETS,,LEAGUE,211.0,15,26.0,18,18.0,154,
1304054.0,2022-04-01,FIELD,6 WICKETS,,LEAGUE,138.0,15,28.0,9,9.0,564,
1304055.0,2022-04-02,FIELD,23 RUNS,,LEAGUE,194.0,15,27.0,5,11.0,537,
1304056.0,2022-04-02,FIELD,14 RUNS,,LEAGUE,172.0,15,32.0,10,1.0,494,
1304057.0,2022-04-03,FIELD,54 RUNS,,LEAGUE,181.0,15,26.0,6,12.0,717,
1304058.0,2022-04-04,FIELD,12 RUNS,,LEAGUE,170.0,15,27.0,15,18.0,18,
1304059.0,2022-04-05,FIELD,4 WICKETS,,LEAGUE,170.0,15,28.0,17,17.0,170,
1304060.0,2022-04-06,FIELD,5 WICKETS,,LEAGUE,162.0,15,32.0,9,9.0,777,
1304061.0,2022-04-07,FIELD,6 WICKETS,,LEAGUE,150.0,15,27.0,18,18.0,398,
1304062.0,2022-04-08,FIELD,6 WICKETS,,LEAGUE,190.0,15,26.0,1,1.0,49,
1304063.0,2022-04-09,FIELD,8 WICKETS,,LEAGUE,155.0,15,27.0,15,15.0,733,
1304064.0,2022-04-09,FIELD,7 WICKETS,,LEAGUE,152.0,15,32.0,17,17.0,437,
1304065.0,2022-04-10,FIELD,44 RUNS,,LEAGUE,216.0,15,26.0,9,10.0,472,
1304066.0,2022-04-10,FIELD,3 RUNS,,LEAGUE,166.0,15,28.0,18,11.0,179,
1304067.0,2022-04-11,FIELD,8 WICKETS,,LEAGUE,163.0,15,27.0,15,15.0,614,
1304068.0,2022-04-12,FIELD,23 RUNS,,LEAGUE,217.0,15,27.0,17,6.0,697,
1304069.0,2022-04-13,FIELD,12 RUNS,,LEAGUE,199.0,15,32.0,5,12.0,476,
1304070.0,2022-04-14,FIELD,37 RUNS,,LEAGUE,193.0,15,27.0,11,1.0,399,
1304071.0,2022-04-15,FIELD,7 WICKETS,,LEAGUE,176.0,15,26.0,15,15.0,141,
1304072.0,2022-04-16,FIELD,18 RUNS,,LEAGUE,200.0,15,26.0,5,18.0,370,
1304073.0,2022-04-16,FIELD,16 RUNS,,LEAGUE,190.0,15,28.0,10,17.0,170,
1304074.0,2022-04-17,FIELD,7 WICKETS,,LEAGUE,152.0,15,27.0,15,15.0,76,
1304075.0,2022-04-17,FIELD,3 WICKETS,,LEAGUE,170.0,15,32.0,1,1.0,359,
1304076.0,2022-04-18,FIELD,7 RUNS,,LEAGUE,218.0,15,26.0,9,11.0,179,
1304077.0,2022-04-19,FIELD,18 RUNS,,LEAGUE,182.0,15,27.0,18,17.0,415,
1304078.0,2022-04-20,FIELD,9 WICKETS,,LEAGUE,116.0,15,26.0,10,10.0,472,
1304079.0,2022-04-21,FIELD,3 WICKETS,,LEAGUE,156.0,15,27.0,6,6.0,518,
1304080.0,2022-04-22,FIELD,15 RUNS,,LEAGUE,223.0,15,28.0,10,11.0,537,
1304081.0,2022-04-23,BAT,8 RUNS,,LEAGUE,157.0,15,27.0,1,1.0,363,
1304082.0,2022-04-23,FIELD,9 WICKETS,,LEAGUE,69.0,15,26.0,15,15.0,16,
1304083.0,2022-04-24,FIELD,36 RUNS,,LEAGUE,169.0,15,28.0,5,18.0,370,
1304084.0,2022-04-25,FIELD,11 RUNS,,LEAGUE,188.0,15,28.0,6,12.0,504,
1304085.0,2022-04-26,FIELD,29 RUNS,,LEAGUE,145.0,15,32.0,17,11.0,420,
1304086.0,2022-04-27,FIELD,5 WICKETS,,LEAGUE,196.0,15,28.0,1,1.0,76,
1304087.0,2022-04-28,FIELD,4 WICKETS,,LEAGUE,147.0,15,28.0,10,10.0,472,
1304088.0,2022-04-29,FIELD,20 RUNS,,LEAGUE,154.0,15,32.0,12,18.0,546,
1304089.0,2022-04-30,BAT,6 WICKETS,,LEAGUE,171.0,15,26.0,17,1.0,679,
1304090.0,2022-04-30,FIELD,5 WICKETS,,LEAGUE,159.0,15,27.0,5,5.0,631,
1304091.0,2022-05-01,BAT,6 RUNS,,LEAGUE,196.0,15,28.0,18,18.0,532,
1304092.0,2022-05-01,FIELD,13 RUNS,,LEAGUE,203.0,15,32.0,15,6.0,632,
1304093.0,2022-05-02,FIELD,7 WICKETS,,LEAGUE,153.0,15,28.0,9,9.0,87,
1304094.0,2022-05-03,BAT,8 WICKETS,,LEAGUE,144.0,15,27.0,1,12.0,685,
1304095.0,2022-05-04,FIELD,13 RUNS,,LEAGUE,174.0,15,32.0,6,17.0,224,
1304096.0,2022-05-05,FIELD,21 RUNS,,LEAGUE,208.0,15,26.0,15,10.0,392,
1304097.0,2022-05-06,FIELD,5 RUNS,,LEAGUE,178.0,15,26.0,1,5.0,67,
1304098.0,2022-05-07,BAT,6 WICKETS,,LEAGUE,190.0,15,28.0,12,11.0,373,
1304099.0,2022-05-07,FIELD,75 RUNS,,LEAGUE,177.0,15,32.0,9,18.0,18,
1304100.0,2022-05-08,BAT,67 RUNS,,LEAGUE,193.0,15,28.0,17,17.0,360,
1304101.0,2022-05-08,FIELD,91 RUNS,,LEAGUE,209.0,15,27.0,10,6.0,233,
1304102.0,2022-05-09,FIELD,52 RUNS,,LEAGUE,166.0,15,27.0,5,9.0,263,
1304103.0,2022-05-10,BAT,62 RUNS,,LEAGUE,145.0,15,32.0,1,1.0,49,
1304104.0,2022-05-11,FIELD,8 WICKETS,,LEAGUE,161.0,15,27.0,10,10.0,297,
1304105.0,2022-05-12,FIELD,5 WICKETS,,LEAGUE,98.0,15,28.0,5,5.0,528,
1304106.0,2022-05-13,FIELD,54 RUNS,,LEAGUE,210.0,15,26.0,17,12.0,358,
1304107.0,2022-05-14,BAT,54 RUNS,,LEAGUE,178.0,15,32.0,9,9.0,116,
1304108.0,2022-05-15,BAT,7 WICKETS,,LEAGUE,134.0,15,28.0,6,1.0,465,
1304109.0,2022-05-15,BAT,24 RUNS,,LEAGUE,179.0,15,26.0,11,11.0,292,
1304110.0,2022-05-16,FIELD,17 RUNS,,LEAGUE,160.0,15,27.0,12,10.0,625,
1304111.0,2022-05-17,FIELD,3 RUNS,,LEAGUE,194.0,15,28.0,5,15.0,141,
1304112.0,2022-05-18,BAT,2 RUNS,,LEAGUE,211.0,15,27.0,18,18.0,398,
1304113.0,2022-05-19,BAT,8 WICKETS,,LEAGUE,169.0,15,28.0,1,17.0,151,
1304114.0,2022-05-20,BAT,5 WICKETS,,LEAGUE,151.0,15,26.0,6,11.0,137,
1304115.0,2022-05-21,FIELD,5 WICKETS,,LEAGUE,160.0,15,28.0,5,5.0,263,
1304116.0,2022-05-22,BAT,5 WICKETS,,LEAGUE,158.0,15,28.0,15,12.0,52,
1312197.0,2022-05-24,FIELD,7 WICKETS,,QUALIFIER 1,189.0,15,23.0,1,1.0,359,
1312198.0,2022-05-25,FIELD,14 RUNS,,ELIMINATOR,208.0,15,23.0,18,17.0,299,
1312199.0,2022-05-27,FIELD,7 WICKETS,,QUALIFIER 2,158.0,15,2.0,11,11.0,537,
1312200.0,2022-05-29,BAT,7 WICKETS,,FINAL,131.0,15,2.0,11,1.0,399,
1359475.0,2023-03-31,FIELD,5 WICKETS,,LEAGUE,179.0,16,2.0,1,1.0,363,
1359476.0,2023-04-01,FIELD,7 RUNS,,LEAGUE,154.0,16,7.0,9,12.0,319,
1359477.0,2023-04-01,FIELD,50 RUNS,,LEAGUE,194.0,16,24.0,10,18.0,372,
1359478.0,2023-04-02,FIELD,72 RUNS,,LEAGUE,204.0,16,16.0,15,11.0,537,
1359479.0,2023-04-02,FIELD,8 WICKETS,,LEAGUE,172.0,16,3.0,17,17.0,415,
1359480.0,2023-04-03,FIELD,12 RUNS,,LEAGUE,218.0,16,8.0,18,6.0,327,
1359481.0,2023-04-04,FIELD,6 WICKETS,,LEAGUE,163.0,16,10.0,1,1.0,459,
1359482.0,2023-04-05,FIELD,5 RUNS,,LEAGUE,198.0,16,15.0,11,12.0,470,
1359483.0,2023-04-06,FIELD,81 RUNS,,LEAGUE,205.0,16,23.0,17,9.0,625,
1359484.0,2023-04-07,BAT,5 WICKETS,,LEAGUE,122.0,16,24.0,15,18.0,546,
1359485.0,2023-04-08,FIELD,57 RUNS,,LEAGUE,200.0,16,15.0,10,11.0,373,
1359486.0,2023-04-08,FIELD,7 WICKETS,,LEAGUE,158.0,16,28.0,6,6.0,6,
1359487.0,2023-04-09,BAT,3 WICKETS,,LEAGUE,205.0,16,2.0,1,9.0,87,
1359488.0,2023-04-09,FIELD,8 WICKETS,,LEAGUE,144.0,16,16.0,15,15.0,504,
1359489.0,2023-04-10,FIELD,1 WICKETS,,LEAGUE,213.0,16,3.0,18,18.0,655,
1359490.0,2023-04-11,FIELD,6 WICKETS,,LEAGUE,173.0,16,10.0,5,5.0,705,
1359491.0,2023-04-12,FIELD,3 RUNS,,LEAGUE,176.0,16,8.0,6,11.0,137,
1359492.0,2023-04-13,FIELD,6 WICKETS,,LEAGUE,154.0,16,7.0,1,1.0,178,
1359493.0,2023-04-14,FIELD,23 RUNS,,LEAGUE,229.0,16,23.0,9,15.0,82,
1359494.0,2023-04-15,FIELD,23 RUNS,,LEAGUE,175.0,16,3.0,10,17.0,151,
1359495.0,2023-04-15,FIELD,2 WICKETS,,LEAGUE,160.0,16,24.0,12,12.0,84,
1359496.0,2023-04-16,FIELD,5 WICKETS,,LEAGUE,186.0,16,28.0,5,5.0,454,
1359497.0,2023-04-16,FIELD,3 WICKETS,,LEAGUE,178.0,16,2.0,11,11.0,165,
1359498.0,2023-04-17,FIELD,8 RUNS,,LEAGUE,227.0,16,3.0,17,6.0,233,
1359499.0,2023-04-18,FIELD,14 RUNS,,LEAGUE,193.0,16,16.0,15,5.0,421,
1359500.0,2023-04-19,FIELD,10 RUNS,,LEAGUE,155.0,16,18.0,11,18.0,644,
1359501.0,2023-04-20,FIELD,24 RUNS,,LEAGUE,175.0,16,7.0,12,17.0,38,
1359502.0,2023-04-20,FIELD,4 WICKETS,,LEAGUE,128.0,16,10.0,10,10.0,383,
1359503.0,2023-04-21,FIELD,7 WICKETS,,LEAGUE,135.0,16,8.0,6,6.0,6,
1359504.0,2023-04-22,BAT,7 RUNS,,LEAGUE,136.0,16,24.0,1,1.0,178,
1359505.0,2023-04-22,FIELD,13 RUNS,,LEAGUE,215.0,16,28.0,5,12.0,106,
1359506.0,2023-04-23,FIELD,7 RUNS,,LEAGUE,190.0,16,3.0,11,17.0,63,
1359507.0,2023-04-23,FIELD,49 RUNS,,LEAGUE,236.0,16,23.0,9,6.0,490,
1359508.0,2023-04-24,BAT,7 RUNS,,LEAGUE,145.0,16,16.0,10,10.0,656,
1359509.0,2023-04-25,FIELD,55 RUNS,,LEAGUE,208.0,16,2.0,5,1.0,280,
1359510.0,2023-04-26,FIELD,21 RUNS,,LEAGUE,201.0,16,3.0,17,9.0,312,
1359511.0,2023-04-27,BAT,32 RUNS,,LEAGUE,203.0,16,18.0,11,11.0,373,
1359512.0,2023-04-28,FIELD,56 RUNS,,LEAGUE,258.0,16,7.0,12,18.0,644,
1359513.0,2023-04-29,FIELD,7 WICKETS,,LEAGUE,180.0,16,23.0,1,1.0,729,
1359514.0,2023-04-29,BAT,9 RUNS,,LEAGUE,198.0,16,10.0,15,15.0,297,
1359515.0,2023-04-30,BAT,4 WICKETS,,LEAGUE,201.0,16,8.0,6,12.0,233,
1359516.0,2023-04-30,BAT,6 WICKETS,,LEAGUE,213.0,16,28.0,11,5.0,373,
1359517.0,2023-05-01,BAT,18 RUNS,,LEAGUE,127.0,16,24.0,17,17.0,415,
1359518.0,2023-05-02,BAT,5 RUNS,,LEAGUE,131.0,16,2.0,10,10.0,148,
1359519.0,2023-05-03,FIELD,,NO RESULT,LEAGUE,,16,24.0,6,,513,
1359520.0,2023-05-03,FIELD,6 WICKETS,,LEAGUE,215.0,16,7.0,5,5.0,35,
1359521.0,2023-05-04,BAT,5 RUNS,,LEAGUE,172.0,16,16.0,9,9.0,312,
1359522.0,2023-05-05,BAT,9 WICKETS,,LEAGUE,119.0,16,18.0,11,1.0,363,
1359523.0,2023-05-06,FIELD,6 WICKETS,,LEAGUE,140.0,16,8.0,6,6.0,390,
1359524.0,2023-05-06,BAT,7 WICKETS,,LEAGUE,182.0,16,10.0,17,10.0,323,
1359525.0,2023-05-07,FIELD,56 RUNS,,LEAGUE,228.0,16,2.0,18,1.0,49,
1359526.0,2023-05-07,BAT,4 WICKETS,,LEAGUE,215.0,16,18.0,11,15.0,702,
1359527.0,2023-05-08,BAT,5 WICKETS,,LEAGUE,180.0,16,23.0,12,9.0,116,
1359528.0,2023-05-09,FIELD,6 WICKETS,,LEAGUE,200.0,16,28.0,5,5.0,631,
1359529.0,2023-05-10,BAT,27 RUNS,,LEAGUE,168.0,16,8.0,6,6.0,6,
1359530.0,2023-05-11,FIELD,9 WICKETS,,LEAGUE,150.0,16,23.0,11,11.0,373,
1359531.0,2023-05-12,FIELD,27 RUNS,,LEAGUE,219.0,16,28.0,1,5.0,631,
1359532.0,2023-05-13,BAT,7 WICKETS,,LEAGUE,183.0,16,16.0,15,18.0,146,
1359533.0,2023-05-13,FIELD,31 RUNS,,LEAGUE,168.0,16,10.0,10,12.0,533,
1359534.0,2023-05-14,BAT,112 RUNS,,LEAGUE,172.0,16,18.0,17,17.0,660,
1359535.0,2023-05-14,BAT,6 WICKETS,,LEAGUE,145.0,16,8.0,6,9.0,87,
1359536.0,2023-05-15,FIELD,34 RUNS,,LEAGUE,189.0,16,2.0,15,1.0,49,
1359537.0,2023-05-16,FIELD,5 RUNS,,LEAGUE,178.0,16,24.0,5,18.0,644,
1359538.0,2023-05-17,FIELD,15 RUNS,,LEAGUE,214.0,16,11.0,12,10.0,653,
1359539.0,2023-05-18,FIELD,8 WICKETS,,LEAGUE,187.0,16,16.0,17,17.0,151,
1359540.0,2023-05-19,FIELD,4 WICKETS,,LEAGUE,188.0,16,11.0,11,11.0,194,
1359541.0,2023-05-20,BAT,77 RUNS,,LEAGUE,224.0,16,10.0,6,6.0,632,
1359542.0,2023-05-20,FIELD,1 RUNS,,LEAGUE,177.0,16,23.0,9,18.0,655,
1359543.0,2023-05-21,FIELD,8 WICKETS,,LEAGUE,201.0,16,28.0,5,5.0,421,
1359544.0,2023-05-21,FIELD,6 WICKETS,,LEAGUE,198.0,16,3.0,1,1.0,49,
1370350.0,2023-05-23,FIELD,15 RUNS,,QUALIFIER 1,173.0,16,8.0,1,6.0,632,
1370351.0,2023-05-24,BAT,81 RUNS,,ELIMINATOR,183.0,16,8.0,5,5.0,682,
1370352.0,2023-05-26,FIELD,62 RUNS,,QUALIFIER 2,234.0,16,2.0,5,1.0,49,
1370353.0,2023-05-29,FIELD,5 WICKETS,,FINAL,171.0,16,2.0,6,6.0,233,
1422119.0,2024-03-22,BAT,6 WICKETS,,LEAGUE,174.0,17,8.0,8,6.0,772,
1422120.0,2024-03-23,FIELD,4 WICKETS,,LEAGUE,175.0,17,25.0,12,12.0,106,
1422121.0,2024-03-23,FIELD,4 RUNS,,LEAGUE,209.0,17,23.0,15,9.0,116,
1422122.0,2024-03-24,BAT,20 RUNS,,LEAGUE,194.0,17,18.0,11,11.0,502,
1422123.0,2024-03-24,FIELD,6 RUNS,,LEAGUE,169.0,17,2.0,5,1.0,459,
1422124.0,2024-03-25,FIELD,4 WICKETS,,LEAGUE,177.0,17,3.0,8,8.0,151,
1422125.0,2024-03-26,FIELD,63 RUNS,,LEAGUE,207.0,17,8.0,1,6.0,697,
1422126.0,2024-03-27,FIELD,31 RUNS,,LEAGUE,278.0,17,16.0,5,15.0,733,
1422127.0,2024-03-28,FIELD,12 RUNS,,LEAGUE,186.0,17,18.0,10,11.0,420,
1422128.0,2024-03-29,FIELD,7 WICKETS,,LEAGUE,183.0,17,3.0,9,9.0,255,
1422129.0,2024-03-30,BAT,21 RUNS,,LEAGUE,200.0,17,24.0,18,18.0,704,
1422130.0,2024-03-31,BAT,7 WICKETS,,LEAGUE,163.0,17,2.0,15,1.0,178,
1422131.0,2024-03-31,BAT,20 RUNS,,LEAGUE,192.0,17,37.0,10,10.0,71,
1422132.0,2024-04-01,FIELD,6 WICKETS,,LEAGUE,126.0,17,28.0,11,11.0,292,
1422133.0,2024-04-02,FIELD,28 RUNS,,LEAGUE,182.0,17,3.0,8,18.0,704,
1422134.0,2024-04-03,BAT,106 RUNS,,LEAGUE,273.0,17,37.0,9,9.0,255,
1422135.0,2024-04-04,FIELD,3 WICKETS,,LEAGUE,200.0,17,2.0,12,12.0,258,
1422136.0,2024-04-05,FIELD,6 WICKETS,,LEAGUE,166.0,17,16.0,15,15.0,733,
1422137.0,2024-04-06,FIELD,6 WICKETS,,LEAGUE,184.0,17,18.0,11,11.0,537,
1422138.0,2024-04-07,FIELD,29 RUNS,,LEAGUE,235.0,17,28.0,10,5.0,438,
1422139.0,2024-04-07,BAT,33 RUNS,,LEAGUE,164.0,17,24.0,18,18.0,85,
1426260.0,2024-04-08,FIELD,7 WICKETS,,LEAGUE,138.0,17,8.0,6,6.0,6,
1426261.0,2024-04-09,FIELD,2 RUNS,,LEAGUE,183.0,17,25.0,12,15.0,424,
1426262.0,2024-04-10,FIELD,3 WICKETS,,LEAGUE,197.0,17,18.0,1,1.0,363,
1426263.0,2024-04-11,FIELD,7 WICKETS,,LEAGUE,197.0,17,28.0,5,5.0,263,
1426264.0,2024-04-12,BAT,6 WICKETS,,LEAGUE,168.0,17,24.0,18,10.0,472,
1426265.0,2024-04-13,FIELD,3 WICKETS,,LEAGUE,148.0,17,25.0,11,11.0,165,
1426266.0,2024-04-14,FIELD,8 WICKETS,,LEAGUE,162.0,17,23.0,9,9.0,323,
1426267.0,2024-04-14,FIELD,20 RUNS,,LEAGUE,207.0,17,28.0,5,6.0,390,
1426268.0,2024-04-15,FIELD,25 RUNS,,LEAGUE,288.0,17,3.0,8,15.0,567,
1426269.0,2024-04-16,FIELD,2 WICKETS,,LEAGUE,224.0,17,23.0,11,11.0,537,
1426270.0,2024-04-17,FIELD,6 WICKETS,,LEAGUE,90.0,17,2.0,10,10.0,267,
1426271.0,2024-04-18,FIELD,9 RUNS,,LEAGUE,193.0,17,25.0,12,5.0,263,
1426272.0,2024-04-19,FIELD,8 WICKETS,,LEAGUE,177.0,17,24.0,18,18.0,370,
1426273.0,2024-04-20,FIELD,67 RUNS,,LEAGUE,267.0,17,10.0,10,15.0,567,
1426274.0,2024-04-21,FIELD,1 RUNS,,LEAGUE,223.0,17,23.0,8,9.0,116,
1426275.0,2024-04-21,BAT,3 WICKETS,,LEAGUE,143.0,17,25.0,12,1.0,576,
1426276.0,2024-04-22,BAT,9 WICKETS,,LEAGUE,180.0,17,18.0,5,11.0,371,
1426277.0,2024-04-23,FIELD,6 WICKETS,,LEAGUE,211.0,17,8.0,18,18.0,644,
1426278.0,2024-04-24,FIELD,4 RUNS,,LEAGUE,225.0,17,10.0,1,10.0,267,
1426279.0,2024-04-25,BAT,35 RUNS,,LEAGUE,207.0,17,16.0,8,8.0,299,
1426280.0,2024-04-26,FIELD,8 WICKETS,,LEAGUE,262.0,17,23.0,12,12.0,358,
1426281.0,2024-04-27,FIELD,10 RUNS,,LEAGUE,258.0,17,10.0,5,10.0,366,
1426282.0,2024-04-27,FIELD,7 WICKETS,,LEAGUE,197.0,17,24.0,11,11.0,502,
1426283.0,2024-04-28,FIELD,9 WICKETS,,LEAGUE,201.0,17,2.0,8,8.0,24,
1426284.0,2024-04-28,FIELD,78 RUNS,,LEAGUE,213.0,17,8.0,15,6.0,632,
1426285.0,2024-04-29,BAT,7 WICKETS,,LEAGUE,154.0,17,23.0,10,9.0,312,
1426286.0,2024-04-30,FIELD,4 WICKETS,,LEAGUE,145.0,17,24.0,18,18.0,644,
1426287.0,2024-05-01,FIELD,7 WICKETS,,LEAGUE,163.0,17,8.0,12,12.0,52,
1426288.0,2024-05-02,BAT,1 RUNS,,LEAGUE,202.0,17,16.0,15,15.0,545,
1426289.0,2024-05-03,FIELD,24 RUNS,,LEAGUE,170.0,17,28.0,5,9.0,454,
1426290.0,2024-05-04,FIELD,4 WICKETS,,LEAGUE,148.0,17,3.0,8,8.0,38,
1426291.0,2024-05-05,FIELD,28 RUNS,,LEAGUE,168.0,17,11.0,12,6.0,6,
1426292.0,2024-05-05,FIELD,98 RUNS,,LEAGUE,236.0,17,24.0,18,9.0,255,
1426293.0,2024-05-06,FIELD,7 WICKETS,,LEAGUE,174.0,17,28.0,5,5.0,631,
1426294.0,2024-05-07,FIELD,20 RUNS,,LEAGUE,222.0,17,10.0,11,10.0,472,
1426295.0,2024-05-08,BAT,10 WICKETS,,LEAGUE,166.0,17,16.0,18,15.0,567,
1426296.0,2024-05-09,FIELD,60 RUNS,,LEAGUE,242.0,17,11.0,12,8.0,151,
1426297.0,2024-05-10,FIELD,35 RUNS,,LEAGUE,232.0,17,2.0,6,1.0,49,
1426298.0,2024-05-11,FIELD,18 RUNS,,LEAGUE,158.0,17,23.0,5,9.0,312,
1426299.0,2024-05-12,BAT,5 WICKETS,,LEAGUE,142.0,17,8.0,11,6.0,281,
1426300.0,2024-05-12,FIELD,47 RUNS,,LEAGUE,188.0,17,3.0,10,8.0,421,
1426302.0,2024-05-14,FIELD,19 RUNS,,LEAGUE,209.0,17,10.0,18,10.0,383,
1426303.0,2024-05-15,BAT,5 WICKETS,,LEAGUE,145.0,17,15.0,11,12.0,106,
1426305.0,2024-05-17,FIELD,18 RUNS,,LEAGUE,215.0,17,28.0,5,18.0,655,
1426306.0,2024-05-18,FIELD,27 RUNS,,LEAGUE,219.0,17,3.0,6,8.0,415,
1426307.0,2024-05-19,BAT,4 WICKETS,,LEAGUE,215.0,17,16.0,12,15.0,733,
1426309.0,2024-05-21,BAT,8 WICKETS,,QUALIFIER 1,160.0,17,2.0,15,9.0,342,
1426310.0,2024-05-22,FIELD,4 WICKETS,,ELIMINATOR,173.0,17,2.0,11,11.0,137,
1426311.0,2024-05-24,FIELD,36 RUNS,,QUALIFIER 2,176.0,17,8.0,11,15.0,200,
1426312.0,2024-05-26,BAT,8 WICKETS,,FINAL,114.0,17,8.0,15,9.0,342,
1473438.0,2025-03-22,FIELD,7 WICKETS,,LEAGUE,175.0,18,23.0,8,8.0,546,
1473439.0,2025-03-23,FIELD,44 RUNS,,LEAGUE,287.0,18,16.0,11,15.0,35,
1473440.0,2025-03-23,FIELD,4 WICKETS,,LEAGUE,156.0,18,8.0,6,6.0,495,
1473441.0,2025-03-24,FIELD,1 WICKETS,,LEAGUE,210.0,18,37.0,10,10.0,691,
1473442.0,2025-03-25,FIELD,11 RUNS,,LEAGUE,244.0,18,2.0,1,12.0,760,
1473443.0,2025-03-26,FIELD,8 WICKETS,,LEAGUE,152.0,18,15.0,9,9.0,398,
1473444.0,2025-03-27,FIELD,5 WICKETS,,LEAGUE,191.0,18,16.0,18,18.0,625,
1473445.0,2025-03-28,FIELD,50 RUNS,,LEAGUE,197.0,18,8.0,6,8.0,299,
1473446.0,2025-03-29,FIELD,36 RUNS,,LEAGUE,197.0,18,2.0,5,1.0,635,
1473447.0,2025-03-30,BAT,7 WICKETS,,LEAGUE,164.0,18,37.0,15,10.0,342,
1473448.0,2025-03-30,FIELD,6 RUNS,,LEAGUE,183.0,18,15.0,6,11.0,60,
1473449.0,2025-03-31,FIELD,8 WICKETS,,LEAGUE,117.0,18,28.0,5,5.0,279,
1473450.0,2025-04-01,FIELD,8 WICKETS,,LEAGUE,172.0,18,24.0,12,12.0,533,
1473451.0,2025-04-02,FIELD,8 WICKETS,,LEAGUE,170.0,18,3.0,1,1.0,38,
1473452.0,2025-04-03,FIELD,80 RUNS,,LEAGUE,201.0,18,23.0,15,9.0,693,
1473453.0,2025-04-04,FIELD,12 RUNS,,LEAGUE,204.0,18,24.0,5,18.0,102,
1473454.0,2025-04-05,BAT,25 RUNS,,LEAGUE,184.0,18,8.0,10,10.0,370,
1473455.0,2025-04-05,FIELD,50 RUNS,,LEAGUE,206.0,18,25.0,12,11.0,493,
1473457.0,2025-04-06,FIELD,7 WICKETS,,LEAGUE,153.0,18,16.0,1,1.0,38,
1473458.0,2025-04-07,FIELD,12 RUNS,,LEAGUE,222.0,18,28.0,5,8.0,299,
1473456.0,2025-04-08,FIELD,4 RUNS,,LEAGUE,239.0,18,23.0,9,18.0,655,
1473459.0,2025-04-08,BAT,18 RUNS,,LEAGUE,220.0,18,25.0,12,12.0,198,
1473460.0,2025-04-09,FIELD,58 RUNS,,LEAGUE,218.0,18,2.0,11,1.0,459,
1473461.0,2025-04-10,FIELD,6 WICKETS,,LEAGUE,164.0,18,3.0,10,10.0,370,
1473462.0,2025-04-11,FIELD,8 WICKETS,,LEAGUE,104.0,18,8.0,9,9.0,255,
1473463.0,2025-04-12,FIELD,6 WICKETS,,LEAGUE,181.0,18,24.0,18,18.0,444,
1473464.0,2025-04-12,BAT,8 WICKETS,,LEAGUE,246.0,18,16.0,12,15.0,733,
1473465.0,2025-04-13,FIELD,9 WICKETS,,LEAGUE,174.0,18,18.0,8,8.0,323,
1473466.0,2025-04-13,FIELD,12 RUNS,,LEAGUE,206.0,18,10.0,10,5.0,485,
1473467.0,2025-04-14,FIELD,5 WICKETS,,LEAGUE,167.0,18,24.0,6,6.0,522,
1473468.0,2025-04-15,BAT,16 RUNS,,LEAGUE,112.0,18,25.0,12,12.0,179,
1473469.0,2025-04-16,FIELD,,TIE,LEAGUE,189.0,18,10.0,11,,342,10.0
1473470.0,2025-04-17,FIELD,4 WICKETS,,LEAGUE,163.0,18,28.0,5,5.0,24,
1473471.0,2025-04-18,FIELD,5 WICKETS,,LEAGUE,96.0,18,3.0,12,12.0,67,
1473472.0,2025-04-19,FIELD,7 WICKETS,,LEAGUE,204.0,18,2.0,1,1.0,537,
1473473.0,2025-04-19,BAT,2 RUNS,,LEAGUE,181.0,18,18.0,18,18.0,18,
1473474.0,2025-04-20,FIELD,7 WICKETS,,LEAGUE,158.0,18,25.0,8,8.0,151,
1473475.0,2025-04-20,FIELD,9 WICKETS,,LEAGUE,177.0,18,28.0,5,5.0,705,
1473476.0,2025-04-21,FIELD,39 RUNS,,LEAGUE,199.0,18,23.0,9,1.0,49,
1473477.0,2025-04-22,FIELD,8 WICKETS,,LEAGUE,160.0,18,24.0,10,10.0,334,
1473478.0,2025-04-23,FIELD,7 WICKETS,,LEAGUE,144.0,18,16.0,5,5.0,292,
1473479.0,2025-04-24,FIELD,11 RUNS,,LEAGUE,206.0,18,3.0,11,8.0,427,
1473480.0,2025-04-25,FIELD,5 WICKETS,,LEAGUE,155.0,18,8.0,15,15.0,224,
1473481.0,2025-04-26,BAT,,NO RESULT,LEAGUE,202.0,18,23.0,12,,513,
1473482.0,2025-04-27,FIELD,54 RUNS,,LEAGUE,216.0,18,28.0,18,5.0,24,
1473483.0,2025-04-27,FIELD,6 WICKETS,,LEAGUE,163.0,18,10.0,8,8.0,546,
1473484.0,2025-04-28,FIELD,8 WICKETS,,LEAGUE,210.0,18,18.0,11,11.0,351,
1473485.0,2025-04-29,FIELD,14 RUNS,,LEAGUE,205.0,18,10.0,10,9.0,255,
1473486.0,2025-04-30,FIELD,4 WICKETS,,LEAGUE,191.0,18,8.0,12,12.0,760,
1473487.0,2025-05-01,FIELD,100 RUNS,,LEAGUE,218.0,18,18.0,11,5.0,347,
1473488.0,2025-05-02,FIELD,38 RUNS,,LEAGUE,225.0,18,2.0,15,1.0,635,
1473489.0,2025-05-03,FIELD,2 RUNS,,LEAGUE,214.0,18,3.0,6,8.0,438,
1473490.0,2025-05-04,BAT,1 RUNS,,LEAGUE,207.0,18,23.0,9,9.0,116,
1473491.0,2025-05-04,FIELD,37 RUNS,,LEAGUE,237.0,18,11.0,18,12.0,533,
1473492.0,2025-05-05,FIELD,,NO RESULT,LEAGUE,,18,16.0,15,,513,
1473493.0,2025-05-06,FIELD,3 WICKETS,,LEAGUE,147.0,18,28.0,1,1.0,49,
1473494.0,2025-05-07,BAT,2 WICKETS,,LEAGUE,180.0,18,23.0,9,6.0,495,
1473495.0,2025-05-08,BAT,,NO RESULT,LEAGUE,,18,11.0,12,,513,
1473497.0,2025-05-18,BAT,10 RUNS,,LEAGUE,220.0,18,18.0,12,12.0,52,
1473498.0,2025-05-18,FIELD,10 WICKETS,,LEAGUE,200.0,18,10.0,1,1.0,459,
1473499.0,2025-05-19,FIELD,6 WICKETS,,LEAGUE,206.0,18,24.0,15,15.0,733,
1473500.0,2025-05-20,FIELD,6 WICKETS,,LEAGUE,188.0,18,10.0,11,11.0,682,
1473501.0,2025-05-21,FIELD,59 RUNS,,LEAGUE,181.0,18,28.0,10,5.0,631,
1473502.0,2025-05-22,FIELD,33 RUNS,,LEAGUE,236.0,18,2.0,1,18.0,297,
1473503.0,2025-05-23,FIELD,42 RUNS,,LEAGUE,232.0,18,24.0,8,15.0,35,
1485779.0,2025-05-24,FIELD,6 WICKETS,,LEAGUE,207.0,18,18.0,10,10.0,287,
1473504.0,2025-05-25,BAT,83 RUNS,,LEAGUE,231.0,18,2.0,6,6.0,331,
1473505.0,2025-05-25,BAT,110 RUNS,,LEAGUE,279.0,18,10.0,15,15.0,569,
1473506.0,2025-05-26,FIELD,7 WICKETS,,LEAGUE,185.0,18,18.0,12,12.0,101,
1473507.0,2025-05-27,FIELD,6 WICKETS,,LEAGUE,228.0,18,24.0,8,8.0,89,
1473508.0,2025-05-29,FIELD,8 WICKETS,,QUALIFIER 1,102.0,18,,8,8.0,623,
1473509.0,2025-05-30,BAT,20 RUNS,,ELIMINATOR,229.0,18,,5,5.0,705,
1473510.0,2025-06-01,FIELD,5 WICKETS,,QUALIFIER 2,204.0,18,2.0,12,12.0,760,
1473511.0,2025-06-03,FIELD,6 RUNS,,FINAL,191.0,18,2.0,12,8.0,546,
